row ID,row m/z,row retention time,FTIC F_13 Peak area,FMEAN F_13 Peak area,FMEDIAN F_13 Peak area,FTIC F_9 Peak area,FMEAN F_9 Peak area,FMEDIAN F_9 Peak area,FTIC F_8 Peak area,FMEAN F_8 Peak area,FMEDIAN F_8 Peak area,FTIC Euphorbia_dendroides_latex Peak area,FMEAN Euphorbia_dendroides_latex Peak area,FMEDIAN Euphorbia_dendroides_latex Peak area,FTIC F_11 Peak area,FMEAN F_11 Peak area,FMEDIAN F_11 Peak area,FTIC Samples Peak area,FMEAN Samples Peak area,FMEDIAN Samples Peak area,FTIC F_15 Peak area,FMEAN F_15 Peak area,FMEDIAN F_15 Peak area,FTIC F_12 Peak area,FMEAN F_12 Peak area,FMEDIAN F_12 Peak area,FTIC F_7 Peak area,FMEAN F_7 Peak area,FMEDIAN F_7 Peak area,FTIC F_14 Peak area,FMEAN F_14 Peak area,FMEDIAN F_14 Peak area,FTIC F_5 Peak area,FMEAN F_5 Peak area,FMEDIAN F_5 Peak area,FTIC F_16 Peak area,FMEAN F_16 Peak area,FMEDIAN F_16 Peak area,FTIC F_6 Peak area,FMEAN F_6 Peak area,FMEDIAN F_6 Peak area,FTIC F_17 Peak area,FMEAN F_17 Peak area,FMEDIAN F_17 Peak area,FTIC F_10 Peak area,FMEAN F_10 Peak area,FMEDIAN F_10 Peak area,FTIC Blanks Peak area,FMEAN Blanks Peak area,FMEDIAN Blanks Peak area,FTIC Fractions Peak area,FMEAN Fractions Peak area,FMEDIAN Fractions Peak area,140221_Blanc14 Peak area,140221_Blanc5 Peak area,140221_Blanc8 Peak area,140221_LF420101_4 Peak area,140221_ME_14_10 Peak area,140221_ME_14_11 Peak area,140221_ME_14_12 Peak area,140221_ME_14_13 Peak area,140221_ME_14_14 Peak area,140221_ME_14_15 Peak area,140221_ME_14_16 Peak area,140221_ME_14_17 Peak area,140221_ME_14_5 Peak area,140221_ME_14_6 Peak area,140221_ME_14_7 Peak area,140221_ME_14_8 Peak area,140221_ME_14_9 Peak area
9,270.279,28.3,50568985.1875,50568985.1875,50568985.1875,100851795,100851795,100851795,160968306.625,160968306.625,160968306.625,5690330.64844,5690330.64844,5690330.64844,141101388.562,141101388.562,141101388.562,1673827743.64,98460455.5084,51162993.4531,51162993.4531,51162993.4531,51162993.4531,152605614.875,152605614.875,152605614.875,362958584.25,362958584.25,362958584.25,40253160.6797,40253160.6797,40253160.6797,246596025.75,246596025.75,246596025.75,49859528,49859528,49859528,186949611.875,186949611.875,186949611.875,49792596.9375,49792596.9375,49792596.9375,68548846,68548846,68548846,5919975.79883,1973325.26628,2033025.24609,1662217437.2,127862879.784,100851795,2327234.59961,1559715.95312,2033025.24609,5690330.64844,68548846,141101388.562,152605614.875,50568985.1875,40253160.6797,51162993.4531,49859528,49792596.9375,246596025.75,186949611.875,362958584.25,160968306.625,100851795
355,271.283,28.316666666666666,7873325.14062,7873325.14062,7873325.14062,16091012.7188,16091012.7188,16091012.7188,26317669.9375,26317669.9375,26317669.9375,569378.050781,569378.050781,569378.050781,22836562.9375,22836562.9375,22836562.9375,271466134.287,15968596.1345,8061989.82812,6356980.35547,6356980.35547,6356980.35547,25351372.5625,25351372.5625,25351372.5625,63895441,63895441,63895441,5872291.10156,5872291.10156,5872291.10156,40396489.5,40396489.5,40396489.5,5143812.74609,5143812.74609,5143812.74609,30710029.1875,30710029.1875,30710029.1875,8061989.82812,8061989.82812,8061989.82812,11523241.4531,11523241.4531,11523241.4531,466537.767578,155512.589193,174295.371094,270430218.469,20802324.4976,16091012.7188,205289.798828,86952.5976562,174295.371094,569378.050781,11523241.4531,22836562.9375,25351372.5625,7873325.14062,5872291.10156,6356980.35547,5143812.74609,8061989.82812,40396489.5,30710029.1875,63895441,26317669.9375,16091012.7188
511,279.174,23.55,410657.738281,410657.738281,410657.738281,93954.3671875,93954.3671875,93954.3671875,0,0,0,3172924.30078,3172924.30078,3172924.30078,1538465.89844,1538465.89844,1538465.89844,67827773.1445,3989869.0085,0,118658.957031,118658.957031,118658.957031,62451927.875,62451927.875,62451927.875,0,0,0,41184.0078125,41184.0078125,41184.0078125,0,0,0,0,0,0,0,0,0,0,0,0,0,0,0,0,0,0,64654848.8438,4973449.91106,0,0,0,0,3172924.30078,0,1538465.89844,62451927.875,410657.738281,41184.0078125,118658.957031,0,0,0,0,0,0,93954.3671875
1029,280.264,23.666666666666668,2366320.87109,2366320.87109,2366320.87109,199154.605469,199154.605469,199154.605469,149605.085938,149605.085938,149605.085938,1821883.14453,1821883.14453,1821883.14453,0,0,0,115937455.107,6819850.30044,131789.818359,25537.3496094,25537.3496094,25537.3496094,131789.818359,131789.818359,131789.818359,97160.1386719,97160.1386719,97160.1386719,0,0,0,94393467.5,94393467.5,94393467.5,13143595.0781,13143595.0781,13143595.0781,676012.589844,676012.589844,676012.589844,2932928.92578,2932928.92578,2932928.92578,0,0,0,0,0,0,114115571.963,8778120.92022,149605.085938,0,0,0,1821883.14453,0,0,131789.818359,2366320.87109,0,25537.3496094,13143595.0781,2932928.92578,94393467.5,676012.589844,97160.1386719,149605.085938,199154.605469
1070,281.19,17.183333333333334,0,0,0,0,0,0,248809.126953,248809.126953,248809.126953,1786364.57617,1786364.57617,1786364.57617,0,0,0,37640814.166,2214165.53918,0,0,0,0,0,0,0,34595232.375,34595232.375,34595232.375,32346.5234375,32346.5234375,32346.5234375,0,0,0,0,0,0,978061.564453,978061.564453,978061.564453,0,0,0,0,0,0,0,0,0,35854449.5898,2758034.58383,0,0,0,0,1786364.57617,0,0,0,0,32346.5234375,0,0,0,0,978061.564453,34595232.375,248809.126953,0
345,282.279,27.666666666666668,27919737.2246,27919737.2246,27919737.2246,3557114.4375,3557114.4375,3557114.4375,2679013.33594,2679013.33594,2679013.33594,18655705.1738,18655705.1738,18655705.1738,2045580.16016,2045580.16016,2045580.16016,1137826889.76,66930993.5152,3306291.51562,15499664.7188,15499664.7188,15499664.7188,1364686.58984,1364686.58984,1364686.58984,3306291.51562,3306291.51562,3306291.51562,1692812.67773,1692812.67773,1692812.67773,869225772.25,869225772.25,869225772.25,160396863.375,160396863.375,160396863.375,8307734.40625,8307734.40625,8307734.40625,22192166.377,22192166.377,22192166.377,951736.685547,951736.685547,951736.685547,32010.8300781,10670.2766927,0,1119139173.75,86087628.7503,3557114.4375,0,0,32010.8300781,18655705.1738,951736.685547,2045580.16016,1364686.58984,27919737.2246,1692812.67773,15499664.7188,160396863.375,22192166.377,869225772.25,8307734.40625,3306291.51562,2679013.33594,3557114.4375
1035,297.185,27.533333333333335,0,0,0,0,0,0,220247.574219,220247.574219,220247.574219,2756177.95703,2756177.95703,2756177.95703,24716.1074219,24716.1074219,24716.1074219,106857215.006,6285718.52976,0,0,0,0,127001.802734,127001.802734,127001.802734,9480674.57031,9480674.57031,9480674.57031,0,0,0,0,0,0,56650.8066406,56650.8066406,56650.8066406,94191746.1875,94191746.1875,94191746.1875,0,0,0,0,0,0,0,0,0,104101037.049,8007772.08068,0,0,0,0,2756177.95703,0,24716.1074219,127001.802734,0,0,0,56650.8066406,0,0,94191746.1875,9480674.57031,220247.574219,0
357,297.185,25.933333333333334,0,0,0,161591.160156,161591.160156,161591.160156,1264704.05078,1264704.05078,1264704.05078,13434565.0312,13434565.0312,13434565.0312,1824419.42578,1824419.42578,1824419.42578,116253235.062,6838425.59191,156666.03125,261711.074219,261711.074219,261711.074219,1195892.77344,1195892.77344,1195892.77344,63097219.5625,63097219.5625,63097219.5625,73953.3789062,73953.3789062,73953.3789062,0,0,0,156666.03125,156666.03125,156666.03125,34654519.4375,34654519.4375,34654519.4375,96477.2988281,96477.2988281,96477.2988281,31515.8378906,31515.8378906,31515.8378906,0,0,0,102818670.031,7909128.46394,161591.160156,0,0,0,13434565.0312,31515.8378906,1824419.42578,1195892.77344,0,73953.3789062,261711.074219,156666.03125,96477.2988281,0,34654519.4375,63097219.5625,1264704.05078,161591.160156
132,298.311,32.8,10483965.4219,10483965.4219,10483965.4219,24095938.4375,24095938.4375,24095938.4375,21814211.625,21814211.625,21814211.625,834155.546875,834155.546875,834155.546875,32082638.3125,32082638.3125,32082638.3125,365532054.637,21501885.5669,10483965.4219,9311690.22266,9311690.22266,9311690.22266,33901419.25,33901419.25,33901419.25,90181565.75,90181565.75,90181565.75,9190825.51562,9190825.51562,9190825.51562,41755974.125,41755974.125,41755974.125,9746884.01562,9746884.01562,9746884.01562,52004881.625,52004881.625,52004881.625,9818075.15625,9818075.15625,9818075.15625,19067812.6875,19067812.6875,19067812.6875,1242016.94531,414005.648438,387902.632812,363455882.145,27958144.7803,21814211.625,387902.632812,346478.238281,507636.074219,834155.546875,19067812.6875,32082638.3125,33901419.25,10483965.4219,9190825.51562,9311690.22266,9746884.01562,9818075.15625,41755974.125,52004881.625,90181565.75,21814211.625,24095938.4375
538,313.179,28.683333333333334,36322558.8125,36322558.8125,36322558.8125,230989.378906,230989.378906,230989.378906,47179.1875,47179.1875,47179.1875,36584006.3125,36584006.3125,36584006.3125,22180286.8672,22180286.8672,22180286.8672,199735940.174,11749172.9514,2332133.85156,4068447.10742,4068447.10742,4068447.10742,62493192,62493192,62493192,320576.617188,320576.617188,320576.617188,1699796.58984,1699796.58984,1699796.58984,0,0,0,5830827.03125,5830827.03125,5830827.03125,2332133.85156,2332133.85156,2332133.85156,3395347.66016,3395347.66016,3395347.66016,24203430.5039,24203430.5039,24203430.5039,27168.2539062,9056.08463542,0,163124765.607,12548058.8929,3395347.66016,0,27168.2539062,0,36584006.3125,24203430.5039,22180286.8672,62493192,36322558.8125,1699796.58984,4068447.10742,5830827.03125,3395347.66016,0,2332133.85156,320576.617188,47179.1875,230989.378906
181,315.195,28.116666666666667,117484.6875,117484.6875,117484.6875,2008481.60547,2008481.60547,2008481.60547,4693844.09766,4693844.09766,4693844.09766,24839571.375,24839571.375,24839571.375,1327720.71875,1327720.71875,1327720.71875,1253005465.73,73706203.8666,1327720.71875,1560045.10156,1560045.10156,1560045.10156,1747633.16992,1747633.16992,1747633.16992,29647623.5312,29647623.5312,29647623.5312,759995.111328,759995.111328,759995.111328,0,0,0,1924521.36914,1924521.36914,1924521.36914,1183268912.25,1183268912.25,1183268912.25,624693.400391,624693.400391,624693.400391,484939.314453,484939.314453,484939.314453,0,0,0,1228165894.36,94474299.566,1560045.10156,0,0,0,24839571.375,484939.314453,1327720.71875,1747633.16992,117484.6875,759995.111328,1560045.10156,1924521.36914,624693.400391,0,1183268912.25,29647623.5312,4693844.09766,2008481.60547
1042,315.195,29.616666666666667,0,0,0,52486.8632812,52486.8632812,52486.8632812,467680.914062,467680.914062,467680.914062,3912381.38672,3912381.38672,3912381.38672,0,0,0,230336684.965,13549216.7626,40080.8359375,40080.8359375,40080.8359375,40080.8359375,105575.152344,105575.152344,105575.152344,3826886.62109,3826886.62109,3826886.62109,0,0,0,111914.273438,111914.273438,111914.273438,86983.0429688,86983.0429688,86983.0429688,221732695.875,221732695.875,221732695.875,0,0,0,0,0,0,0,0,0,226424303.578,17417254.1214,52486.8632812,0,0,0,3912381.38672,0,0,105575.152344,0,0,40080.8359375,86983.0429688,0,111914.273438,221732695.875,3826886.62109,467680.914062,52486.8632812
1074,341.267,25.15,0,0,0,174404.328125,174404.328125,174404.328125,43451662.375,43451662.375,43451662.375,682454.425781,682454.425781,682454.425781,38086.46875,38086.46875,38086.46875,46053849.2109,2709049.95358,0,0,0,0,0,0,0,1683225.39062,1683225.39062,1683225.39062,0,0,0,0,0,0,0,0,0,0,0,0,24016.2226562,24016.2226562,24016.2226562,0,0,0,0,0,0,45371394.7852,3490107.29117,0,0,0,0,682454.425781,0,38086.46875,0,0,0,0,0,24016.2226562,0,0,1683225.39062,43451662.375,174404.328125
1094,363.25,25.183333333333334,0,0,0,68125.2519531,68125.2519531,68125.2519531,39603466.25,39603466.25,39603466.25,355148.035156,355148.035156,355148.035156,22367.4628906,22367.4628906,22367.4628906,41724736.8984,2454396.28814,0,0,0,0,0,0,0,1675629.89844,1675629.89844,1675629.89844,0,0,0,0,0,0,0,0,0,0,0,0,0,0,0,0,0,0,0,0,0,41369588.8633,3182276.06641,0,0,0,0,355148.035156,0,22367.4628906,0,0,0,0,0,0,0,0,1675629.89844,39603466.25,68125.2519531
1002,383.165,9.4,0,0,0,0,0,0,0,0,0,3415479.07031,3415479.07031,3415479.07031,0,0,0,109903867.348,6464933.37339,0,0,0,0,0,0,0,0,0,0,0,0,0,0,0,0,273152.402344,273152.402344,273152.402344,0,0,0,106215235.875,106215235.875,106215235.875,0,0,0,0,0,0,106488388.277,8191414.48287,0,0,0,0,3415479.07031,0,0,0,0,0,0,273152.402344,106215235.875,0,0,0,0,0
429,383.22,27.8,11933450.1484,11933450.1484,11933450.1484,81560510.0469,81560510.0469,81560510.0469,49766578.3555,49766578.3555,49766578.3555,19134184.4766,19134184.4766,19134184.4766,66605405.1875,66605405.1875,66605405.1875,248484018.824,14616706.9897,1413213.64062,671151.373047,671151.373047,671151.373047,3632851.68555,3632851.68555,3632851.68555,0,0,0,316615.226562,316615.226562,316615.226562,30361.3417969,30361.3417969,30361.3417969,1727491.73828,1727491.73828,1727491.73828,27053.5195312,27053.5195312,27053.5195312,1413213.64062,1413213.64062,1413213.64062,11640575.6445,11640575.6445,11640575.6445,24576.4394531,8192.14648438,0,229325257.908,17640404.4545,1727491.73828,0,0,24576.4394531,19134184.4766,11640575.6445,66605405.1875,3632851.68555,11933450.1484,316615.226562,671151.373047,1727491.73828,1413213.64062,30361.3417969,27053.5195312,0,49766578.3555,81560510.0469
259,383.222,25.4,41739482.375,41739482.375,41739482.375,249648.822266,249648.822266,249648.822266,565997.740234,565997.740234,565997.740234,30806088.5625,30806088.5625,30806088.5625,48055179,48055179,48055179,138158227.275,8126954.54561,1527586.80273,2230766.28711,2230766.28711,2230766.28711,3670830.875,3670830.875,3670830.875,0,0,0,1947411.69336,1947411.69336,1947411.69336,0,0,0,1527586.80273,1527586.80273,1527586.80273,52662.3828125,52662.3828125,52662.3828125,2446774.31641,2446774.31641,2446774.31641,4865798.41797,4865798.41797,4865798.41797,0,0,0,107352138.713,8257856.82407,1947411.69336,0,0,0,30806088.5625,4865798.41797,48055179,3670830.875,41739482.375,1947411.69336,2230766.28711,1527586.80273,2446774.31641,0,52662.3828125,0,565997.740234,249648.822266
19,383.222,26.916666666666668,43453535.5,43453535.5,43453535.5,73263425.375,73263425.375,73263425.375,10198466.4648,10198466.4648,10198466.4648,145202358.875,145202358.875,145202358.875,708453617.25,708453617.25,708453617.25,1370865777.6,80639163.3882,9811830.90234,12039130.3281,12039130.3281,12039130.3281,221412906.75,221412906.75,221412906.75,0,0,0,6325228.30078,6325228.30078,6325228.30078,23467.9648438,23467.9648438,23467.9648438,9811830.90234,9811830.90234,9811830.90234,55504.5488281,55504.5488281,55504.5488281,9212841.33984,9212841.33984,9212841.33984,131413464,131413464,131413464,0,0,0,1225663418.72,94281801.4404,10198466.4648,0,0,0,145202358.875,131413464,708453617.25,221412906.75,43453535.5,6325228.30078,12039130.3281,9811830.90234,9212841.33984,23467.9648438,55504.5488281,0,10198466.4648,73263425.375
60,383.222,28.3,6369216.23828,6369216.23828,6369216.23828,2066417.64062,2066417.64062,2066417.64062,50253235.5,50253235.5,50253235.5,34771783.125,34771783.125,34771783.125,261995524.5,261995524.5,261995524.5,492792222.021,28987777.766,2635712.53516,2768190.61719,2768190.61719,2768190.61719,13687029.8438,13687029.8438,13687029.8438,2287701.08594,2287701.08594,2287701.08594,1403534.79688,1403534.79688,1403534.79688,0,0,0,3286970.60742,3286970.60742,3286970.60742,0,0,0,2635712.53516,2635712.53516,2635712.53516,111266905.531,111266905.531,111266905.531,0,0,0,458020438.896,35232341.4536,2768190.61719,0,0,0,34771783.125,111266905.531,261995524.5,13687029.8438,6369216.23828,1403534.79688,2768190.61719,3286970.60742,2635712.53516,0,0,2287701.08594,50253235.5,2066417.64062
37,383.222,23.45,14610654.4062,14610654.4062,14610654.4062,144911.888672,144911.888672,144911.888672,1803498.125,1803498.125,1803498.125,72082959.25,72082959.25,72082959.25,758190224.25,758190224.25,758190224.25,1068629281.88,62860545.9929,2528999.82422,5256044.13086,5256044.13086,5256044.13086,108964037.5,108964037.5,108964037.5,0,0,0,3333169.76562,3333169.76562,3333169.76562,0,0,0,2528999.82422,2528999.82422,2528999.82422,0,0,0,4445126.55078,4445126.55078,4445126.55078,97269656.1875,97269656.1875,97269656.1875,0,0,0,996546322.629,76657409.433,3333169.76562,0,0,0,72082959.25,97269656.1875,758190224.25,108964037.5,14610654.4062,3333169.76562,5256044.13086,2528999.82422,4445126.55078,0,0,0,1803498.125,144911.888672
696,387.216,22.683333333333334,16407044.5938,16407044.5938,16407044.5938,23477.8828125,23477.8828125,23477.8828125,0,0,0,9119823.09375,9119823.09375,9119823.09375,0,0,0,72904996.0273,4288529.17808,0,2068969.02344,2068969.02344,2068969.02344,0,0,0,0,0,0,44368882.875,44368882.875,44368882.875,0,0,0,597934.328125,597934.328125,597934.328125,0,0,0,318864.230469,318864.230469,318864.230469,0,0,0,0,0,0,63785172.9336,4906551.76412,0,0,0,0,9119823.09375,0,0,0,16407044.5938,44368882.875,2068969.02344,597934.328125,318864.230469,0,0,0,0,23477.8828125
941,393.166,10.7,0,0,0,0,0,0,0,0,0,4559872.97266,4559872.97266,4559872.97266,0,0,0,164623586.414,9683740.3773,0,24792.2226562,24792.2226562,24792.2226562,0,0,0,0,0,0,0,0,0,0,0,0,236035.84375,236035.84375,236035.84375,0,0,0,159802885.375,159802885.375,159802885.375,0,0,0,0,0,0,160063713.441,12312593.3416,0,0,0,0,4559872.97266,0,0,0,0,0,24792.2226562,236035.84375,159802885.375,0,0,0,0,0
970,397.179,13.683333333333334,0,0,0,0,0,0,0,0,0,557474.640625,557474.640625,557474.640625,0,0,0,84525258.3184,4972074.01873,0,0,0,0,0,0,0,25317.1992188,25317.1992188,25317.1992188,0,0,0,24681.0175781,24681.0175781,24681.0175781,1549803.46094,1549803.46094,1549803.46094,0,0,0,82367982,82367982,82367982,0,0,0,0,0,0,83967783.6777,6459060.2829,0,0,0,0,557474.640625,0,0,0,0,0,0,1549803.46094,82367982,24681.0175781,0,25317.1992188,0,0
354,397.18,11.2,0,0,0,0,0,0,0,0,0,1785483.15625,1785483.15625,1785483.15625,0,0,0,337799933.156,19870584.3033,0,0,0,0,0,0,0,0,0,0,0,0,0,0,0,0,56899184.125,56899184.125,56899184.125,0,0,0,279115265.875,279115265.875,279115265.875,0,0,0,0,0,0,336014450,25847265.3846,0,0,0,0,1785483.15625,0,0,0,0,0,0,56899184.125,279115265.875,0,0,0,0,0
988,400.157,9.816666666666666,0,0,0,0,0,0,0,0,0,1559340.83984,1559340.83984,1559340.83984,0,0,0,55154853.3418,3244403.13775,0,0,0,0,22919.5292969,22919.5292969,22919.5292969,0,0,0,0,0,0,0,0,0,103040.347656,103040.347656,103040.347656,0,0,0,53469552.625,53469552.625,53469552.625,0,0,0,0,0,0,53595512.502,4122731.73092,0,0,0,0,1559340.83984,0,0,22919.5292969,0,0,0,103040.347656,53469552.625,0,0,0,0,0
1025,400.175,13.483333333333333,0,0,0,0,0,0,0,0,0,5054174.02734,5054174.02734,5054174.02734,0,0,0,235747788.152,13867516.9501,0,0,0,0,0,0,0,0,0,0,0,0,0,0,0,0,38569.875,38569.875,38569.875,0,0,0,230655044.25,230655044.25,230655044.25,0,0,0,0,0,0,230693614.125,17745662.625,0,0,0,0,5054174.02734,0,0,0,0,0,0,38569.875,230655044.25,0,0,0,0,0
171,401.232,21.5,685107440,685107440,685107440,29473.3574219,29473.3574219,29473.3574219,164370.316406,164370.316406,164370.316406,391240474.625,391240474.625,391240474.625,18934641.5469,18934641.5469,18934641.5469,1238131633.9,72831272.5825,212967.699219,52923812.7617,52923812.7617,52923812.7617,1441411.99609,1441411.99609,1441411.99609,0,0,0,36394389.2598,36394389.2598,36394389.2598,30320.8867188,30320.8867188,30320.8867188,27275613.8281,27275613.8281,27275613.8281,212967.699219,212967.699219,212967.699219,24347598.3203,24347598.3203,24347598.3203,29119.3046875,29119.3046875,29119.3046875,0,0,0,846891159.277,65145473.7906,1441411.99609,0,0,0,391240474.625,29119.3046875,18934641.5469,1441411.99609,685107440,36394389.2598,52923812.7617,27275613.8281,24347598.3203,30320.8867188,212967.699219,0,164370.316406,29473.3574219
29,401.232,23.516666666666666,70369887.4375,70369887.4375,70369887.4375,0,0,0,0,0,0,76338219.125,76338219.125,76338219.125,140646422.688,140646422.688,140646422.688,502895309.23,29582077.0136,4027502.99219,7204522.48047,7204522.48047,7204522.48047,17801679.9922,17801679.9922,17801679.9922,0,0,0,4027502.99219,4027502.99219,4027502.99219,0,0,0,6254341.71094,6254341.71094,6254341.71094,0,0,0,5099194.67969,5099194.67969,5099194.67969,175153538.125,175153538.125,175153538.125,0,0,0,426557090.105,32812083.8543,5099194.67969,0,0,0,76338219.125,175153538.125,140646422.688,17801679.9922,70369887.4375,4027502.99219,7204522.48047,6254341.71094,5099194.67969,0,0,0,0,0
23,401.232,26.983333333333334,469438215.875,469438215.875,469438215.875,0,0,0,123675.021484,123675.021484,123675.021484,427735862.25,427735862.25,427735862.25,264097352.25,264097352.25,264097352.25,1647653247.02,96920779.2366,12898190.6406,48060328.2188,48060328.2188,48060328.2188,31725085.4375,31725085.4375,31725085.4375,0,0,0,17866891.8281,17866891.8281,17866891.8281,0,0,0,31447549.875,31447549.875,31447549.875,0,0,0,12898190.6406,12898190.6406,12898190.6406,344260095.625,344260095.625,344260095.625,0,0,0,1219917384.77,93839798.8286,17866891.8281,0,0,0,427735862.25,344260095.625,264097352.25,31725085.4375,469438215.875,17866891.8281,48060328.2188,31447549.875,12898190.6406,0,0,0,123675.021484,0
7,401.232,25.45,1097738485.5,1097738485.5,1097738485.5,1965124.88672,1965124.88672,1965124.88672,696323.337891,696323.337891,696323.337891,993355034.125,993355034.125,993355034.125,27425709.0312,27425709.0312,27425709.0312,2578616512.62,151683324.272,2068000.12891,128112059,128112059,128112059,2068000.12891,2068000.12891,2068000.12891,0,0,0,71145386.375,71145386.375,71145386.375,345578.304688,345578.304688,345578.304688,127034911.25,127034911.25,127034911.25,366935.558594,366935.558594,366935.558594,50775821.5,50775821.5,50775821.5,77587143.625,77587143.625,77587143.625,0,0,0,1585261478.5,121943190.654,27425709.0312,0,0,0,993355034.125,77587143.625,27425709.0312,2068000.12891,1097738485.5,71145386.375,128112059,127034911.25,50775821.5,345578.304688,366935.558594,0,696323.337891,1965124.88672
971,404.17,10.083333333333334,0,0,0,0,0,0,0,0,0,1607119.98047,1607119.98047,1607119.98047,0,0,0,62217402.4805,3659847.20473,0,0,0,0,0,0,0,0,0,0,0,0,0,0,0,0,0,0,0,0,0,0,60610282.5,60610282.5,60610282.5,0,0,0,0,0,0,60610282.5,4662329.42308,0,0,0,0,1607119.98047,0,0,0,0,0,0,0,60610282.5,0,0,0,0,0
989,410.158,12.183333333333334,151107.75,151107.75,151107.75,0,0,0,0,0,0,5684876.05469,5684876.05469,5684876.05469,0,0,0,313930511.268,18466500.6628,0,0,0,0,0,0,0,0,0,0,0,0,0,0,0,0,0,0,0,21847.9628906,21847.9628906,21847.9628906,308072679.5,308072679.5,308072679.5,0,0,0,0,0,0,308245635.213,23711202.7087,0,0,0,0,5684876.05469,0,0,0,151107.75,0,0,0,308072679.5,0,21847.9628906,0,0,0
977,414.173,11.45,0,0,0,0,0,0,0,0,0,20428505.2266,20428505.2266,20428505.2266,28295.6601562,28295.6601562,28295.6601562,518463708.762,30497865.2213,0,0,0,0,0,0,0,0,0,0,0,0,0,0,0,0,0,0,0,0,0,0,498006907.875,498006907.875,498006907.875,0,0,0,0,0,0,498035203.535,38310400.2719,0,0,0,0,20428505.2266,0,28295.6601562,0,0,0,0,0,498006907.875,0,0,0,0,0
1008,414.173,15.083333333333334,0,0,0,0,0,0,0,0,0,15475223.2949,15475223.2949,15475223.2949,0,0,0,629728778.416,37042869.3186,0,0,0,0,0,0,0,0,0,0,0,0,0,0,0,0,142727.558594,142727.558594,142727.558594,0,0,0,614110827.562,614110827.562,614110827.562,0,0,0,0,0,0,614253555.121,47250273.4709,0,0,0,0,15475223.2949,0,0,0,0,0,0,142727.558594,614110827.562,0,0,0,0,0
1087,417.335,26,0,0,0,261297.152344,261297.152344,261297.152344,46280397.125,46280397.125,46280397.125,0,0,0,0,0,0,52237053.9668,3072767.8804,0,25296.6972656,25296.6972656,25296.6972656,0,0,0,325796.976562,325796.976562,325796.976562,0,0,0,0,0,0,0,0,0,5344266.01562,5344266.01562,5344266.01562,0,0,0,0,0,0,0,0,0,52237053.9668,4018234.92052,0,0,0,0,0,0,0,0,0,0,25296.6972656,0,0,0,5344266.01562,325796.976562,46280397.125,261297.152344
955,418.187,15.383333333333333,0,0,0,0,0,0,0,0,0,952314.816406,952314.816406,952314.816406,0,0,0,49443364.1289,2908433.18405,0,0,0,0,0,0,0,0,0,0,0,0,0,0,0,0,9775735.6875,9775735.6875,9775735.6875,0,0,0,38715313.625,38715313.625,38715313.625,0,0,0,0,0,0,48491049.3125,3730080.71635,0,0,0,0,952314.816406,0,0,0,0,0,0,9775735.6875,38715313.625,0,0,0,0,0
927,419.193,11.516666666666667,0,0,0,0,0,0,0,0,0,3479259.06641,3479259.06641,3479259.06641,0,0,0,338730053.531,19925297.2665,0,0,0,0,0,0,0,0,0,0,0,0,0,0,0,0,322916963.25,322916963.25,322916963.25,0,0,0,12333831.2148,12333831.2148,12333831.2148,0,0,0,0,0,0,335250794.465,25788522.6511,0,0,0,0,3479259.06641,0,0,0,0,0,0,322916963.25,12333831.2148,0,0,0,0,0
205,421.162,11.2,0,0,0,0,0,0,0,0,0,156556057.312,156556057.312,156556057.312,0,0,0,3530881619.5,207698918.794,0,0,0,0,0,0,0,0,0,0,0,0,0,20963.5195312,20963.5195312,20963.5195312,103640.328125,103640.328125,103640.328125,0,0,0,3374168677.56,3374168677.56,3374168677.56,0,0,0,32280.7753906,10760.2584635,0,3374293281.41,259561021.647,0,32280.7753906,0,0,156556057.312,0,0,0,0,0,0,103640.328125,3374168677.56,20963.5195312,0,0,0,0
1007,421.18,13.866666666666667,0,0,0,0,0,0,0,0,0,8375719.58203,8375719.58203,8375719.58203,0,0,0,1147059256.73,67474073.9252,0,0,0,0,0,0,0,0,0,0,0,0,0,0,0,0,75956.5839844,75956.5839844,75956.5839844,0,0,0,1138607580.56,1138607580.56,1138607580.56,0,0,0,0,0,0,1138683537.15,87591041.319,0,0,0,0,8375719.58203,0,0,0,0,0,0,75956.5839844,1138607580.56,0,0,0,0,0
965,421.181,17.95,0,0,0,0,0,0,0,0,0,11744856.3203,11744856.3203,11744856.3203,0,0,0,352745738.02,20749749.2953,0,0,0,0,0,0,0,0,0,0,0,0,0,0,0,0,1474228.19922,1474228.19922,1474228.19922,0,0,0,339526653.5,339526653.5,339526653.5,0,0,0,0,0,0,341000881.699,26230837.0538,0,0,0,0,11744856.3203,0,0,0,0,0,0,1474228.19922,339526653.5,0,0,0,0,0
186,425.175,11.8,23912.6953125,23912.6953125,23912.6953125,0,0,0,0,0,0,110031183.625,110031183.625,110031183.625,0,0,0,2430334372.18,142960845.422,0,0,0,0,0,0,0,0,0,0,0,0,0,0,0,0,2827716.73438,2827716.73438,2827716.73438,0,0,0,2317451559.12,2317451559.12,2317451559.12,0,0,0,0,0,0,2320303188.55,178484860.658,0,0,0,0,110031183.625,0,0,0,23912.6953125,0,0,2827716.73438,2317451559.12,0,0,0,0,0
1092,425.377,32.25,0,0,0,10609331.6875,10609331.6875,10609331.6875,32758917.625,32758917.625,32758917.625,2412669.04688,2412669.04688,2412669.04688,48084.59375,48084.59375,48084.59375,58022343.9922,3413079.05836,0,0,0,0,0,0,0,3876619.65625,3876619.65625,3876619.65625,0,0,0,0,0,0,0,0,0,8316721.38281,8316721.38281,8316721.38281,0,0,0,0,0,0,0,0,0,55609674.9453,4277667.30349,0,0,0,0,2412669.04688,0,48084.59375,0,0,0,0,0,0,0,8316721.38281,3876619.65625,32758917.625,10609331.6875
1019,428.169,13.533333333333333,0,0,0,20343.4023438,20343.4023438,20343.4023438,0,0,0,2676345.46094,2676345.46094,2676345.46094,0,0,0,150717211.916,8865718.348,0,0,0,0,0,0,0,0,0,0,0,0,0,0,0,0,107746.427734,107746.427734,107746.427734,0,0,0,147912776.625,147912776.625,147912776.625,0,0,0,0,0,0,148040866.455,11387758.9581,0,0,0,0,2676345.46094,0,0,0,0,0,0,107746.427734,147912776.625,0,0,0,0,20343.4023438
930,428.189,19.8,0,0,0,0,0,0,0,0,0,1282990.60938,1282990.60938,1282990.60938,0,0,0,86920026.8281,5112942.7546,0,0,0,0,0,0,0,0,0,0,0,0,0,0,0,0,2492820.28125,2492820.28125,2492820.28125,0,0,0,83144215.9375,83144215.9375,83144215.9375,0,0,0,0,0,0,85637036.2188,6587464.32452,0,0,0,0,1282990.60938,0,0,0,0,0,0,2492820.28125,83144215.9375,0,0,0,0,0
998,431.164,13.166666666666666,0,0,0,0,0,0,0,0,0,22456415.3203,22456415.3203,22456415.3203,0,0,0,687044157.07,40414362.1806,0,0,0,0,0,0,0,0,0,0,0,0,0,0,0,0,0,0,0,0,0,0,664587741.75,664587741.75,664587741.75,0,0,0,0,0,0,664587741.75,51122133.9808,0,0,0,0,22456415.3203,0,0,0,0,0,0,0,664587741.75,0,0,0,0,0
1015,431.164,16.25,0,0,0,0,0,0,0,0,0,1061846.42188,1061846.42188,1061846.42188,0,0,0,80546486.5469,4738028.6204,0,0,0,0,0,0,0,0,0,0,0,0,0,0,0,0,0,0,0,0,0,0,79484640.125,79484640.125,79484640.125,0,0,0,0,0,0,79484640.125,6114203.08654,0,0,0,0,1061846.42188,0,0,0,0,0,0,0,79484640.125,0,0,0,0,0
935,432.167,13.133333333333333,0,0,0,0,0,0,0,0,0,3047510.59766,3047510.59766,3047510.59766,0,0,0,108211661.504,6365391.85317,0,0,0,0,0,0,0,0,0,0,0,0,0,0,0,0,358245.65625,358245.65625,358245.65625,0,0,0,104805905.25,104805905.25,104805905.25,0,0,0,0,0,0,105164150.906,8089550.06971,0,0,0,0,3047510.59766,0,0,0,0,0,0,358245.65625,104805905.25,0,0,0,0,0
344,432.184,13.383333333333333,0,0,0,0,0,0,0,0,0,11239583.8242,11239583.8242,11239583.8242,0,0,0,587063670.398,34533157.0823,0,0,0,0,0,0,0,0,0,0,0,0,0,0,0,0,396876201.5,396876201.5,396876201.5,0,0,0,178920689.125,178920689.125,178920689.125,0,0,0,27195.9492188,9065.31640625,0,575796890.625,44292068.5096,0,0,0,27195.9492188,11239583.8242,0,0,0,0,0,0,396876201.5,178920689.125,0,0,0,0,0
218,435.177,15.316666666666666,0,0,0,0,0,0,0,0,0,373725307.062,373725307.062,373725307.062,0,0,0,528935231.352,31113837.1383,0,0,0,0,0,0,0,0,0,0,0,0,0,0,0,0,15661392.0391,15661392.0391,15661392.0391,0,0,0,139548532.25,139548532.25,139548532.25,0,0,0,0,0,0,155209924.289,11939224.9453,0,0,0,0,373725307.062,0,0,0,0,0,0,15661392.0391,139548532.25,0,0,0,0,0
1081,439.357,20.233333333333334,0,0,0,4867957.94922,4867957.94922,4867957.94922,107294291.375,107294291.375,107294291.375,940972.214844,940972.214844,940972.214844,128000.5625,128000.5625,128000.5625,117485287.277,6910899.25161,0,0,0,0,1222380.84375,1222380.84375,1222380.84375,2318143.55469,2318143.55469,2318143.55469,0,0,0,0,0,0,0,0,0,713540.777344,713540.777344,713540.777344,0,0,0,0,0,0,0,0,0,116544315.062,8964947.3125,0,0,0,0,940972.214844,0,128000.5625,1222380.84375,0,0,0,0,0,0,713540.777344,2318143.55469,107294291.375,4867957.94922
1085,439.357,19.283333333333335,0,0,0,12983146.4219,12983146.4219,12983146.4219,63778639.375,63778639.375,63778639.375,4069899.0625,4069899.0625,4069899.0625,0,0,0,91021369.1816,5354198.18716,0,0,0,0,4347351.91016,4347351.91016,4347351.91016,4970202.65625,4970202.65625,4970202.65625,195498.261719,195498.261719,195498.261719,0,0,0,0,0,0,626038.537109,626038.537109,626038.537109,50592.9570312,50592.9570312,50592.9570312,0,0,0,0,0,0,86951470.1191,6688574.62455,50592.9570312,0,0,0,4069899.0625,0,0,4347351.91016,0,195498.261719,0,0,50592.9570312,0,626038.537109,4970202.65625,63778639.375,12983146.4219
1095,439.357,26.283333333333335,21645.8476562,21645.8476562,21645.8476562,2385455.74219,2385455.74219,2385455.74219,103311245.5,103311245.5,103311245.5,5248564.32812,5248564.32812,5248564.32812,610404.328125,610404.328125,610404.328125,129493185.625,7617246.21324,328910.226562,328910.226562,328910.226562,328910.226562,700212.447266,700212.447266,700212.447266,4833033.22266,4833033.22266,4833033.22266,0,0,0,0,0,0,145155.400391,145155.400391,145155.400391,11467816.8203,11467816.8203,11467816.8203,0,0,0,440741.761719,440741.761719,440741.761719,0,0,0,124244621.297,9557278.5613,440741.761719,0,0,0,5248564.32812,440741.761719,610404.328125,700212.447266,21645.8476562,0,328910.226562,145155.400391,0,0,11467816.8203,4833033.22266,103311245.5,2385455.74219
1091,441.372,25.433333333333334,0,0,0,1936326,1936326,1936326,132972771.688,132972771.688,132972771.688,522498.109375,522498.109375,522498.109375,263873.158203,263873.158203,263873.158203,147844681.898,8696745.99403,33449.9765625,0,0,0,840475.912109,840475.912109,840475.912109,2538379.875,2538379.875,2538379.875,0,0,0,26949.7695312,26949.7695312,26949.7695312,0,0,0,8543675.04688,8543675.04688,8543675.04688,33449.9765625,33449.9765625,33449.9765625,166282.363281,166282.363281,166282.363281,0,0,0,147322183.789,11332475.6761,166282.363281,0,0,0,522498.109375,166282.363281,263873.158203,840475.912109,0,0,0,0,33449.9765625,26949.7695312,8543675.04688,2538379.875,132972771.688,1936326
197,442.168,12.933333333333334,0,0,0,0,0,0,0,0,0,87703979.75,87703979.75,87703979.75,0,0,0,2548277462.74,149898674.279,0,0,0,0,0,0,0,0,0,0,25747.5253906,25747.5253906,25747.5253906,0,0,0,1659005.58984,1659005.58984,1659005.58984,0,0,0,2458888729.88,2458888729.88,2458888729.88,0,0,0,0,0,0,2460573482.99,189274883.307,0,0,0,0,87703979.75,0,0,0,0,25747.5253906,0,1659005.58984,2458888729.88,0,0,0,0,0
184,442.186,18.083333333333332,0,0,0,0,0,0,0,0,0,112049466,112049466,112049466,0,0,0,3368260445.4,198132967.376,0,0,0,0,0,0,0,0,0,0,0,0,0,0,0,0,5383708.64844,5383708.64844,5383708.64844,0,0,0,3250827270.75,3250827270.75,3250827270.75,0,0,0,0,0,0,3256210979.4,250477767.646,0,0,0,0,112049466,0,0,0,0,0,0,5383708.64844,3250827270.75,0,0,0,0,0
363,443.242,27.083333333333332,267247.097656,267247.097656,267247.097656,83505177.125,83505177.125,83505177.125,105996495.875,105996495.875,105996495.875,5133163.04297,5133163.04297,5133163.04297,433911.144531,433911.144531,433911.144531,196235869.547,11543286.4439,61618.921875,61618.921875,61618.921875,61618.921875,173225.386719,173225.386719,173225.386719,0,0,0,0,0,0,0,0,0,134268.605469,134268.605469,134268.605469,0,0,0,0,0,0,506514.044922,506514.044922,506514.044922,24248.3027344,8082.76757812,0,191078458.201,14698342.9386,134268.605469,0,0,24248.3027344,5133163.04297,506514.044922,433911.144531,173225.386719,267247.097656,0,61618.921875,134268.605469,0,0,0,0,105996495.875,83505177.125
952,445.18,19.983333333333334,0,0,0,0,0,0,0,0,0,739224.925781,739224.925781,739224.925781,23801.3515625,23801.3515625,23801.3515625,61989838.4023,3646461.08249,0,0,0,0,0,0,0,0,0,0,0,0,0,0,0,0,0,0,0,0,0,0,61226812.125,61226812.125,61226812.125,0,0,0,0,0,0,61250613.4766,4711585.65204,0,0,0,0,739224.925781,0,23801.3515625,0,0,0,0,0,61226812.125,0,0,0,0,0
885,445.191,17.5,0,0,0,0,0,0,0,0,0,0,0,0,0,0,0,75344483.5176,4432028.44221,0,0,0,0,0,0,0,0,0,0,0,0,0,0,0,0,74592758.1875,74592758.1875,74592758.1875,751725.330078,751725.330078,751725.330078,0,0,0,0,0,0,0,0,0,75344483.5176,5795729.50135,0,0,0,0,0,0,0,0,0,0,0,74592758.1875,0,0,751725.330078,0,0,0
207,452.168,17.066666666666666,0,0,0,0,0,0,0,0,0,62161482.625,62161482.625,62161482.625,0,0,0,1789135189.97,105243246.469,0,0,0,0,0,0,0,0,0,0,0,0,0,0,0,0,0,0,0,0,0,0,1726947358.75,1726947358.75,1726947358.75,26348.5957031,26348.5957031,26348.5957031,0,0,0,1726973707.35,132844131.334,0,0,0,0,62161482.625,26348.5957031,0,0,0,0,0,0,1726947358.75,0,0,0,0,0
818,459.236,21.366666666666667,0,0,0,0,0,0,0,0,0,22064.6484375,22064.6484375,22064.6484375,572817.519531,572817.519531,572817.519531,46929001.709,2760529.51229,0,2720816.53906,2720816.53906,2720816.53906,0,0,0,0,0,0,0,0,0,0,0,0,43584956.875,43584956.875,43584956.875,0,0,0,0,0,0,28346.1269531,28346.1269531,28346.1269531,0,0,0,46906937.0605,3608225.92773,0,0,0,0,22064.6484375,28346.1269531,572817.519531,0,0,0,2720816.53906,43584956.875,0,0,0,0,0,0
997,464.181,14.116666666666667,0,0,0,0,0,0,0,0,0,753724.019531,753724.019531,753724.019531,0,0,0,48237096.0195,2837476.23644,0,0,0,0,0,0,0,0,0,0,0,0,0,0,0,0,0,0,0,0,0,0,47483372,47483372,47483372,0,0,0,0,0,0,47483372,3652567.07692,0,0,0,0,753724.019531,0,0,0,0,0,0,0,47483372,0,0,0,0,0
846,464.2,20.183333333333334,0,0,0,0,0,0,0,0,0,177806.105469,177806.105469,177806.105469,0,0,0,114736072.256,6749180.72093,0,1906567.91406,1906567.91406,1906567.91406,0,0,0,0,0,0,0,0,0,0,0,0,112283635.125,112283635.125,112283635.125,0,0,0,368063.111328,368063.111328,368063.111328,0,0,0,0,0,0,114558266.15,8812174.31926,0,0,0,0,177806.105469,0,0,0,0,0,1906567.91406,112283635.125,368063.111328,0,0,0,0,0
1068,465.37,34.06666666666667,0,0,0,34983.2773438,34983.2773438,34983.2773438,2059209.60156,2059209.60156,2059209.60156,7853377.99609,7853377.99609,7853377.99609,214903.494141,214903.494141,214903.494141,295186033.371,17363884.3159,0,0,0,0,194946.800781,194946.800781,194946.800781,5468462.90625,5468462.90625,5468462.90625,0,0,0,19453964.8574,19453964.8574,19453964.8574,0,0,0,259906184.438,259906184.438,259906184.438,0,0,0,0,0,0,0,0,0,287332655.375,22102511.9519,34983.2773438,0,0,0,7853377.99609,0,214903.494141,194946.800781,0,0,0,0,0,19453964.8574,259906184.438,5468462.90625,2059209.60156,34983.2773438
1075,465.37,32.766666666666666,0,0,0,83755.109375,83755.109375,83755.109375,28330368.25,28330368.25,28330368.25,1644868.53906,1644868.53906,1644868.53906,0,0,0,44405255.8125,2612073.87132,0,25281.6953125,25281.6953125,25281.6953125,0,0,0,6398325.0625,6398325.0625,6398325.0625,0,0,0,0,0,0,0,0,0,7922657.15625,7922657.15625,7922657.15625,0,0,0,0,0,0,0,0,0,42760387.2734,3289260.5595,0,0,0,0,1644868.53906,0,0,0,0,0,25281.6953125,0,0,0,7922657.15625,6398325.0625,28330368.25,83755.109375
1082,465.37,32.4,0,0,0,893334.419922,893334.419922,893334.419922,87208972.75,87208972.75,87208972.75,3626345.54688,3626345.54688,3626345.54688,0,0,0,109922678.666,6466039.92153,0,0,0,0,0,0,0,4050229.72266,4050229.72266,4050229.72266,0,0,0,0,0,0,0,0,0,14143796.2266,14143796.2266,14143796.2266,0,0,0,0,0,0,0,0,0,106296333.119,8176641.00916,0,0,0,0,3626345.54688,0,0,0,0,0,0,0,0,0,14143796.2266,4050229.72266,87208972.75,893334.419922
968,466.186,24.033333333333335,0,0,0,0,0,0,0,0,0,1547333.05078,1547333.05078,1547333.05078,0,0,0,102026265.051,6001545.00299,0,0,0,0,0,0,0,0,0,0,0,0,0,0,0,0,75720.5,75720.5,75720.5,0,0,0,100403211.5,100403211.5,100403211.5,0,0,0,0,0,0,100478932,7729148.61538,0,0,0,0,1547333.05078,0,0,0,0,0,0,75720.5,100403211.5,0,0,0,0,0
1044,467.387,36.75,0,0,0,0,0,0,126208.53125,126208.53125,126208.53125,427717.197266,427717.197266,427717.197266,22690.2382812,22690.2382812,22690.2382812,58153953.3418,3420820.78481,0,0,0,0,0,0,0,0,0,0,0,0,0,0,0,0,0,0,0,57577337.375,57577337.375,57577337.375,0,0,0,0,0,0,0,0,0,57726236.1445,4440479.70343,0,0,0,0,427717.197266,0,22690.2382812,0,0,0,0,0,0,0,57577337.375,0,126208.53125,0
1051,481.293,28.116666666666667,216031.40625,216031.40625,216031.40625,1138406.4082,1138406.4082,1138406.4082,3388771.37891,3388771.37891,3388771.37891,30288493.7852,30288493.7852,30288493.7852,6796444.79492,6796444.79492,6796444.79492,1074758196.98,63221070.4104,1138406.4082,1445368.19336,1445368.19336,1445368.19336,1062269.30859,1062269.30859,1062269.30859,22729508.207,22729508.207,22729508.207,390378.578125,390378.578125,390378.578125,0,0,0,1499220.04883,1499220.04883,1499220.04883,1003306135.31,1003306135.31,1003306135.31,497555.419922,497555.419922,497555.419922,1999614.13477,1999614.13477,1999614.13477,0,0,0,1044469703.19,80343823.3224,1445368.19336,0,0,0,30288493.7852,1999614.13477,6796444.79492,1062269.30859,216031.40625,390378.578125,1445368.19336,1499220.04883,497555.419922,0,1003306135.31,22729508.207,3388771.37891,1138406.4082
131,481.365,31.766666666666666,0,0,0,33726.9765625,33726.9765625,33726.9765625,62408234.25,62408234.25,62408234.25,1841258.08203,1841258.08203,1841258.08203,27392.0625,27392.0625,27392.0625,418352754.398,24608985.5528,0,0,0,0,0,0,0,91084962.7188,91084962.7188,91084962.7188,0,0,0,9833843.49609,9833843.49609,9833843.49609,0,0,0,253123336.812,253123336.812,253123336.812,0,0,0,0,0,0,0,0,0,416511496.316,32039345.8705,0,0,0,0,1841258.08203,0,27392.0625,0,0,0,0,0,0,9833843.49609,253123336.812,91084962.7188,62408234.25,33726.9765625
1057,483.378,34.78333333333333,0,0,0,0,0,0,817875.195312,817875.195312,817875.195312,0,0,0,0,0,0,27259339.3203,1603490.54825,0,0,0,0,0,0,0,0,0,0,0,0,0,0,0,0,0,0,0,26441464.125,26441464.125,26441464.125,0,0,0,0,0,0,0,0,0,27259339.3203,2096872.25541,0,0,0,0,0,0,0,0,0,0,0,0,0,0,26441464.125,0,817875.195312,0
1066,483.38,32.333333333333336,0,0,0,0,0,0,1285807.56641,1285807.56641,1285807.56641,0,0,0,0,0,0,57506624.5547,3382742.62086,0,0,0,0,0,0,0,308063.238281,308063.238281,308063.238281,0,0,0,0,0,0,0,0,0,55912753.75,55912753.75,55912753.75,0,0,0,0,0,0,0,0,0,57506624.5547,4423586.50421,0,0,0,0,0,0,0,0,0,0,0,0,0,0,55912753.75,308063.238281,1285807.56641,0
288,497.288,22.916666666666668,41991417,41991417,41991417,0,0,0,29680.4140625,29680.4140625,29680.4140625,9981208.1875,9981208.1875,9981208.1875,0,0,0,182037800.488,10708105.9111,29680.4140625,724145.46875,724145.46875,724145.46875,117398488.125,117398488.125,117398488.125,64896.2851562,64896.2851562,64896.2851562,0,0,0,0,0,0,529808.455078,529808.455078,529808.455078,11107691.0625,11107691.0625,11107691.0625,210465.490234,210465.490234,210465.490234,0,0,0,0,0,0,172056592.301,13235122.4847,64896.2851562,0,0,0,9981208.1875,0,0,117398488.125,41991417,0,724145.46875,529808.455078,210465.490234,0,11107691.0625,64896.2851562,29680.4140625,0
162,501.34,24.416666666666668,19523594.375,19523594.375,19523594.375,15300830.2188,15300830.2188,15300830.2188,21634664.1719,21634664.1719,21634664.1719,30069343.9375,30069343.9375,30069343.9375,21240491.4375,21240491.4375,21240491.4375,327440488.297,19261205.1939,19642173.6875,18902670.9688,18902670.9688,18902670.9688,19642173.6875,19642173.6875,19642173.6875,24115195.7031,24115195.7031,24115195.7031,19656648.0625,19656648.0625,19656648.0625,47950739.5625,47950739.5625,47950739.5625,31652839,31652839,31652839,27592416.8438,27592416.8438,27592416.8438,13887328.4062,13887328.4062,13887328.4062,16271551.9219,16271551.9219,16271551.9219,0,0,0,297371144.359,22874703.4123,19656648.0625,0,0,0,30069343.9375,16271551.9219,21240491.4375,19642173.6875,19523594.375,19656648.0625,18902670.9688,31652839,13887328.4062,47950739.5625,27592416.8438,24115195.7031,21634664.1719,15300830.2188
189,503.275,28.066666666666666,1702929.08398,1702929.08398,1702929.08398,5170097.16797,5170097.16797,5170097.16797,12246946.5488,12246946.5488,12246946.5488,85651695,85651695,85651695,3728515.16016,3728515.16016,3728515.16016,1467110874.95,86300639.703,3728515.16016,6159945.61914,6159945.61914,6159945.61914,4953169.69141,4953169.69141,4953169.69141,77298593.0781,77298593.0781,77298593.0781,3406648.47656,3406648.47656,3406648.47656,0,0,0,6529393.0625,6529393.0625,6529393.0625,1254942882.12,1254942882.12,1254942882.12,3260553.82422,3260553.82422,3260553.82422,2059506.11328,2059506.11328,2059506.11328,0,0,0,1381459179.95,106266090.765,4953169.69141,0,0,0,85651695,2059506.11328,3728515.16016,4953169.69141,1702929.08398,3406648.47656,6159945.61914,6529393.0625,3260553.82422,0,1254942882.12,77298593.0781,12246946.5488,5170097.16797
584,503.275,23.583333333333332,1601031.68164,1601031.68164,1601031.68164,0,0,0,24121.5195312,24121.5195312,24121.5195312,10413361.5137,10413361.5137,10413361.5137,5372800.0625,5372800.0625,5372800.0625,194097916.242,11417524.4848,177399.917969,998751.039062,998751.039062,998751.039062,172757558.625,172757558.625,172757558.625,0,0,0,754550.1875,754550.1875,754550.1875,0,0,0,463287.40625,463287.40625,463287.40625,0,0,0,177399.917969,177399.917969,177399.917969,1535054.28906,1535054.28906,1535054.28906,0,0,0,183684554.729,14129581.133,463287.40625,0,0,0,10413361.5137,1535054.28906,5372800.0625,172757558.625,1601031.68164,754550.1875,998751.039062,463287.40625,177399.917969,0,0,0,24121.5195312,0
1046,503.275,25.933333333333334,0,0,0,387827.078125,387827.078125,387827.078125,2422748.77344,2422748.77344,2422748.77344,21325645.6719,21325645.6719,21325645.6719,30052.1640625,30052.1640625,30052.1640625,173462307.098,10203665.1234,177999.632812,503894.501953,503894.501953,503894.501953,177999.632812,177999.632812,177999.632812,96565278.625,96565278.625,96565278.625,205128.726562,205128.726562,205128.726562,0,0,0,308163.222656,308163.222656,308163.222656,51375759.75,51375759.75,51375759.75,99237.0078125,99237.0078125,99237.0078125,60571.9433594,60571.9433594,60571.9433594,0,0,0,152136661.426,11702820.1097,205128.726562,0,0,0,21325645.6719,60571.9433594,30052.1640625,177999.632812,0,205128.726562,503894.501953,308163.222656,99237.0078125,0,51375759.75,96565278.625,2422748.77344,387827.078125
1056,505.291,29.65,36097.2617188,36097.2617188,36097.2617188,255217.269531,255217.269531,255217.269531,1804493.13477,1804493.13477,1804493.13477,10848746.9141,10848746.9141,10848746.9141,506326.990234,506326.990234,506326.990234,451642852.877,26567226.6398,479867.603516,643279.929688,643279.929688,643279.929688,479867.603516,479867.603516,479867.603516,11822296.3516,11822296.3516,11822296.3516,178949.527344,178949.527344,178949.527344,660550.664062,660550.664062,660550.664062,758136.8125,758136.8125,758136.8125,423401774.75,423401774.75,423401774.75,116678.4375,116678.4375,116678.4375,130437.230469,130437.230469,130437.230469,0,0,0,440794105.963,33907238.9202,506326.990234,0,0,0,10848746.9141,130437.230469,506326.990234,479867.603516,36097.2617188,178949.527344,643279.929688,758136.8125,116678.4375,660550.664062,423401774.75,11822296.3516,1804493.13477,255217.269531
1053,505.291,27.516666666666666,0,0,0,0,0,0,198115.896484,198115.896484,198115.896484,2966726.20312,2966726.20312,2966726.20312,33176.5976562,33176.5976562,33176.5976562,97846350.8379,5755667.69635,0,0,0,0,0,0,0,10960496.2656,10960496.2656,10960496.2656,0,0,0,0,0,0,0,0,0,83687835.875,83687835.875,83687835.875,0,0,0,0,0,0,0,0,0,94879624.6348,7298432.66421,0,0,0,0,2966726.20312,0,33176.5976562,0,0,0,0,0,0,0,83687835.875,10960496.2656,198115.896484,0
27,519.269,22.9,80132045,80132045,80132045,0,0,0,556517.798828,556517.798828,556517.798828,35463406.875,35463406.875,35463406.875,821766.521484,821766.521484,821766.521484,363595013.23,21387941.9547,821766.521484,1816012.77148,1816012.77148,1816012.77148,167255361.75,167255361.75,167255361.75,1066816.71875,1066816.71875,1066816.71875,805376.369141,805376.369141,805376.369141,0,0,0,1061647.82422,1061647.82422,1061647.82422,72590875.75,72590875.75,72590875.75,2025185.85156,2025185.85156,2025185.85156,0,0,0,0,0,0,328131606.355,25240892.7966,1061647.82422,0,0,0,35463406.875,0,821766.521484,167255361.75,80132045,805376.369141,1816012.77148,1061647.82422,2025185.85156,0,72590875.75,1066816.71875,556517.798828,0
1039,519.269,26.566666666666666,0,0,0,0,0,0,2319681.05078,2319681.05078,2319681.05078,0,0,0,0,0,0,88445815.4648,5202695.02734,0,0,0,0,0,0,0,1156801.53906,1156801.53906,1156801.53906,0,0,0,0,0,0,0,0,0,84969332.875,84969332.875,84969332.875,0,0,0,0,0,0,0,0,0,88445815.4648,6803524.26653,0,0,0,0,0,0,0,0,0,0,0,0,0,0,84969332.875,1156801.53906,2319681.05078,0
192,521.273,19.8,782398.074219,782398.074219,782398.074219,946297807.625,946297807.625,946297807.625,0,0,0,55319231.625,55319231.625,55319231.625,3686603.4375,3686603.4375,3686603.4375,1023752057.85,60220709.2852,1352082.97656,3409502.9668,3409502.9668,3409502.9668,1352082.97656,1352082.97656,1352082.97656,24712.5898438,24712.5898438,24712.5898438,1988095.91797,1988095.91797,1988095.91797,0,0,0,2103326.34961,2103326.34961,2103326.34961,0,0,0,1506048.76562,1506048.76562,1506048.76562,7282247.51953,7282247.51953,7282247.51953,0,0,0,968432826.223,74494832.7864,1506048.76562,0,0,0,55319231.625,7282247.51953,3686603.4375,1352082.97656,782398.074219,1988095.91797,3409502.9668,2103326.34961,1506048.76562,0,0,24712.5898438,0,946297807.625
578,531.31,25.983333333333334,2255530.47656,2255530.47656,2255530.47656,0,0,0,0,0,0,2726955.66016,2726955.66016,2726955.66016,0,0,0,38462248.6211,2262485.21301,0,41294.234375,41294.234375,41294.234375,33438468.25,33438468.25,33438468.25,0,0,0,0,0,0,0,0,0,0,0,0,0,0,0,0,0,0,0,0,0,0,0,0,35735292.9609,2748868.6893,0,0,0,0,2726955.66016,0,0,33438468.25,2255530.47656,0,41294.234375,0,0,0,0,0,0,0
56,537.249,19.683333333333334,3296375.90234,3296375.90234,3296375.90234,2827619805.25,2827619805.25,2827619805.25,0,0,0,204133408.375,204133408.375,204133408.375,17105951.3477,17105951.3477,17105951.3477,3239397901.16,190552817.715,5361321.07617,13396947.4961,13396947.4961,13396947.4961,9737722.75586,9737722.75586,9737722.75586,21912.4960938,21912.4960938,21912.4960938,7158801.22461,7158801.22461,7158801.22461,0,0,0,12428992.3613,12428992.3613,12428992.3613,0,0,0,5361321.07617,5361321.07617,5361321.07617,139136662.875,139136662.875,139136662.875,0,0,0,3035264492.79,233481884.06,7158801.22461,0,0,0,204133408.375,139136662.875,17105951.3477,9737722.75586,3296375.90234,7158801.22461,13396947.4961,12428992.3613,5361321.07617,0,0,21912.4960938,0,2827619805.25
1121,537.25,22.433333333333334,24228.0859375,24228.0859375,24228.0859375,185284193.875,185284193.875,185284193.875,9082193.88672,9082193.88672,9082193.88672,9339833.38281,9339833.38281,9339833.38281,491359.171875,491359.171875,491359.171875,206756744.641,12162161.4494,82293.1210938,385716.507812,385716.507812,385716.507812,421125.841797,421125.841797,421125.841797,0,0,0,82293.1210938,82293.1210938,82293.1210938,0,0,0,202670.232422,202670.232422,202670.232422,0,0,0,0,0,0,1443130.53516,1443130.53516,1443130.53516,0,0,0,197416911.258,15185916.2506,202670.232422,0,0,0,9339833.38281,1443130.53516,491359.171875,421125.841797,24228.0859375,82293.1210938,385716.507812,202670.232422,0,0,0,0,9082193.88672,185284193.875
257,541.314,23.4,6704514.67188,6704514.67188,6704514.67188,0,0,0,0,0,0,28908876.1641,28908876.1641,28908876.1641,396902917.875,396902917.875,396902917.875,500410464.238,29435909.6611,1191353.19922,2691026.00391,2691026.00391,2691026.00391,58336908.625,58336908.625,58336908.625,0,0,0,1191353.19922,1191353.19922,1191353.19922,0,0,0,1302121.81641,1302121.81641,1302121.81641,0,0,0,1649521.25781,1649521.25781,1649521.25781,2723224.625,2723224.625,2723224.625,0,0,0,471501588.074,36269352.9288,1302121.81641,0,0,0,28908876.1641,2723224.625,396902917.875,58336908.625,6704514.67188,1191353.19922,2691026.00391,1302121.81641,1649521.25781,0,0,0,0,0
349,545.363,23.866666666666667,22148454.7656,22148454.7656,22148454.7656,14061496.1562,14061496.1562,14061496.1562,20441970.0391,20441970.0391,20441970.0391,19410130.4688,19410130.4688,19410130.4688,24226810.6094,24226810.6094,24226810.6094,348576555.496,20504503.2645,22148454.7656,22706584.2812,22706584.2812,22706584.2812,22925033.0391,22925033.0391,22925033.0391,23769143.375,23769143.375,23769143.375,22239104.375,22239104.375,22239104.375,63118153,63118153,63118153,32816163,32816163,32816163,28007800.7188,28007800.7188,28007800.7188,16119924.707,16119924.707,16119924.707,16585786.9609,16585786.9609,16585786.9609,0,0,0,329166425.027,25320494.2329,22706584.2812,0,0,0,19410130.4688,16585786.9609,24226810.6094,22925033.0391,22148454.7656,22239104.375,22706584.2812,32816163,16119924.707,63118153,28007800.7188,23769143.375,20441970.0391,14061496.1562
385,547.288,17.383333333333333,28168.5117188,28168.5117188,28168.5117188,4548988.77344,4548988.77344,4548988.77344,0,0,0,9615935.49219,9615935.49219,9615935.49219,6027596.24609,6027596.24609,6027596.24609,82907914.168,4876936.12753,0,0,0,0,1704374.19531,1704374.19531,1704374.19531,0,0,0,0,0,0,0,0,0,27796.640625,27796.640625,27796.640625,0,0,0,31124.7460938,31124.7460938,31124.7460938,60923929.5625,60923929.5625,60923929.5625,0,0,0,73291978.6758,5637844.51352,27796.640625,0,0,0,9615935.49219,60923929.5625,6027596.24609,1704374.19531,28168.5117188,0,0,27796.640625,31124.7460938,0,0,0,0,4548988.77344
445,553.243,15.833333333333334,2527958.83984,2527958.83984,2527958.83984,0,0,0,0,0,0,11535497.3945,11535497.3945,11535497.3945,234680770.5,234680770.5,234680770.5,275120591.312,16183564.1949,0,605731.640625,605731.640625,605731.640625,24462380.1875,24462380.1875,24462380.1875,0,0,0,444130.626953,444130.626953,444130.626953,0,0,0,596139.474609,596139.474609,596139.474609,0,0,0,0,0,0,267982.648438,267982.648438,267982.648438,0,0,0,263585093.918,20275776.4552,267982.648438,0,0,0,11535497.3945,267982.648438,234680770.5,24462380.1875,2527958.83984,444130.626953,605731.640625,596139.474609,0,0,0,0,0,0
95,553.243,19.05,976059.910156,976059.910156,976059.910156,6702712.9668,6702712.9668,6702712.9668,0,0,0,49096826.375,49096826.375,49096826.375,336178254.938,336178254.938,336178254.938,612010516.537,36000618.6198,902365.019531,2243925.91016,2243925.91016,2243925.91016,4900299.67188,4900299.67188,4900299.67188,0,0,0,1117825.55078,1117825.55078,1117825.55078,0,0,0,564623.382812,564623.382812,564623.382812,0,0,0,902365.019531,902365.019531,902365.019531,209327622.812,209327622.812,209327622.812,0,0,0,562913690.162,43301053.0894,976059.910156,0,0,0,49096826.375,209327622.812,336178254.938,4900299.67188,976059.910156,1117825.55078,2243925.91016,564623.382812,902365.019531,0,0,0,0,6702712.9668
269,553.243,14.716666666666667,8512789.60938,8512789.60938,8512789.60938,0,0,0,0,0,0,9517861.07812,9517861.07812,9517861.07812,45376109.25,45376109.25,45376109.25,175473053.619,10321944.3305,53716.6445312,1122871.52539,1122871.52539,1122871.52539,107725061.938,107725061.938,107725061.938,0,0,0,556559.976562,556559.976562,556559.976562,0,0,0,739672.582031,739672.582031,739672.582031,0,0,0,53716.6445312,53716.6445312,53716.6445312,1868411.01562,1868411.01562,1868411.01562,0,0,0,165955192.541,12765784.0416,556559.976562,0,0,0,9517861.07812,1868411.01562,45376109.25,107725061.938,8512789.60938,556559.976562,1122871.52539,739672.582031,53716.6445312,0,0,0,0,0
1060,555.309,31.633333333333333,0,0,0,0,0,0,0,0,0,3314982.03125,3314982.03125,3314982.03125,0,0,0,32163959.2422,1891997.60248,0,30700.7070312,30700.7070312,30700.7070312,0,0,0,997317.316406,997317.316406,997317.316406,0,0,0,0,0,0,0,0,0,27820959.1875,27820959.1875,27820959.1875,0,0,0,0,0,0,0,0,0,28848977.2109,2219152.09315,0,0,0,0,3314982.03125,0,0,0,0,0,30700.7070312,0,0,0,27820959.1875,997317.316406,0,0
612,559.131,30.15,22111019.5,22111019.5,22111019.5,8653359.75,8653359.75,8653359.75,590101.880859,590101.880859,590101.880859,4245269.62891,4245269.62891,4245269.62891,503162.167969,503162.167969,503162.167969,112504509.371,6617912.31595,4245269.62891,143932.882812,143932.882812,143932.882812,3698593.35938,3698593.35938,3698593.35938,8176447.92188,8176447.92188,8176447.92188,10013276.875,10013276.875,10013276.875,2005040.04688,2005040.04688,2005040.04688,9117802.0625,9117802.0625,9117802.0625,12899519.1875,12899519.1875,12899519.1875,10501511.8125,10501511.8125,10501511.8125,16386900.5,16386900.5,16386900.5,3458571.79492,1152857.26497,1175074.17969,104800667.947,8061589.8421,8653359.75,1206478.37109,1077019.24414,1175074.17969,4245269.62891,16386900.5,503162.167969,3698593.35938,22111019.5,10013276.875,143932.882812,9117802.0625,10501511.8125,2005040.04688,12899519.1875,8176447.92188,590101.880859,8653359.75
446,561.28,26.1,183821.628906,183821.628906,183821.628906,1300661.84375,1300661.84375,1300661.84375,373785.226562,373785.226562,373785.226562,0,0,0,104327047.75,104327047.75,104327047.75,110788202.289,6516953.07583,0,0,0,0,4602885.83984,4602885.83984,4602885.83984,0,0,0,0,0,0,0,0,0,0,0,0,0,0,0,0,0,0,0,0,0,0,0,0,110788202.289,8522169.40685,0,0,0,0,0,0,104327047.75,4602885.83984,183821.628906,0,0,0,0,0,0,0,373785.226562,1300661.84375
164,563.296,21.516666666666666,170314273.688,170314273.688,170314273.688,0,0,0,0,0,0,67070302.125,67070302.125,67070302.125,1975562.5,1975562.5,1975562.5,266802586.119,15694269.7717,0,10201220.7812,10201220.7812,10201220.7812,31625.6074219,31625.6074219,31625.6074219,0,0,0,8940636.96484,8940636.96484,8940636.96484,0,0,0,2744461.12695,2744461.12695,2744461.12695,0,0,0,5524503.32617,5524503.32617,5524503.32617,0,0,0,0,0,0,199732283.994,15364021.8457,31625.6074219,0,0,0,67070302.125,0,1975562.5,31625.6074219,170314273.688,8940636.96484,10201220.7812,2744461.12695,5524503.32617,0,0,0,0,0
28,563.296,23.433333333333334,30059979.8125,30059979.8125,30059979.8125,136431.789062,136431.789062,136431.789062,0,0,0,127894501.125,127894501.125,127894501.125,809142885.25,809142885.25,809142885.25,1372061720.73,80709512.9844,5885640.67969,11001292.8008,11001292.8008,11001292.8008,205028794.562,205028794.562,205028794.562,0,0,0,8188185.24219,8188185.24219,8188185.24219,0,0,0,5885640.67969,5885640.67969,5885640.67969,0,0,0,10560217.0977,10560217.0977,10560217.0977,164163792.375,164163792.375,164163792.375,0,0,0,1244167219.61,95705170.7392,8188185.24219,0,0,0,127894501.125,164163792.375,809142885.25,205028794.562,30059979.8125,8188185.24219,11001292.8008,5885640.67969,10560217.0977,0,0,0,0,136431.789062
68,567.332,26.816666666666666,11330347.4219,11330347.4219,11330347.4219,0,0,0,0,0,0,46498472,46498472,46498472,345685995.188,345685995.188,345685995.188,469523940.932,27619055.3489,1864065.75195,3030865.62109,3030865.62109,3030865.62109,50882044.25,50882044.25,50882044.25,0,0,0,1864065.75195,1864065.75195,1864065.75195,0,0,0,2502017.52344,2502017.52344,2502017.52344,0,0,0,2961594.96484,2961594.96484,2961594.96484,4768538.21094,4768538.21094,4768538.21094,0,0,0,423025468.932,32540420.687,2502017.52344,0,0,0,46498472,4768538.21094,345685995.188,50882044.25,11330347.4219,1864065.75195,3030865.62109,2502017.52344,2961594.96484,0,0,0,0,0
248,569.345,28.433333333333334,2797197.55078,2797197.55078,2797197.55078,0,0,0,0,0,0,13735075.7969,13735075.7969,13735075.7969,129854503.5,129854503.5,129854503.5,181172327.031,10657195.7077,410995.972656,886405.355469,886405.355469,886405.355469,2467020.94531,2467020.94531,2467020.94531,0,0,0,410995.972656,410995.972656,410995.972656,0,0,0,826507.097656,826507.097656,826507.097656,0,0,0,712173.1875,712173.1875,712173.1875,29482447.625,29482447.625,29482447.625,0,0,0,167437251.234,12879788.5565,712173.1875,0,0,0,13735075.7969,29482447.625,129854503.5,2467020.94531,2797197.55078,410995.972656,886405.355469,826507.097656,712173.1875,0,0,0,0,0
280,571.254,15.733333333333333,2063738.3457,2063738.3457,2063738.3457,0,0,0,0,0,0,17280699.6992,17280699.6992,17280699.6992,377735104.5,377735104.5,377735104.5,466542460.354,27443674.1384,103034.171875,880381.523438,880381.523438,880381.523438,66579272.625,66579272.625,66579272.625,0,0,0,624389.703125,624389.703125,624389.703125,0,0,0,945284.373047,945284.373047,945284.373047,0,0,0,103034.171875,103034.171875,103034.171875,330555.412109,330555.412109,330555.412109,0,0,0,449261760.654,34558596.9734,330555.412109,0,0,0,17280699.6992,330555.412109,377735104.5,66579272.625,2063738.3457,624389.703125,880381.523438,945284.373047,103034.171875,0,0,0,0,0
626,571.255,9.316666666666666,39093745.375,39093745.375,39093745.375,0,0,0,0,0,0,16614281.4062,16614281.4062,16614281.4062,231392.425781,231392.425781,231392.425781,60712403.6113,3571317.85949,0,1989009.01953,1989009.01953,1989009.01953,0,0,0,0,0,0,1524140.0918,1524140.0918,1524140.0918,0,0,0,953069.09375,953069.09375,953069.09375,0,0,0,306766.199219,306766.199219,306766.199219,0,0,0,0,0,0,44098122.2051,3392163.24654,0,0,0,0,16614281.4062,0,231392.425781,0,39093745.375,1524140.0918,1989009.01953,953069.09375,306766.199219,0,0,0,0,0
50,571.301,28.65,98391281.5,98391281.5,98391281.5,0,0,0,0,0,0,71176254.9375,71176254.9375,71176254.9375,161791.324219,161791.324219,161791.324219,361329522.645,21254677.8026,0,9589433.00781,9589433.00781,9589433.00781,161720571.469,161720571.469,161720571.469,0,0,0,4331945.99219,4331945.99219,4331945.99219,0,0,0,10461550.5547,10461550.5547,10461550.5547,0,0,0,5496693.85938,5496693.85938,5496693.85938,0,0,0,0,0,0,290153267.707,22319482.1313,161791.324219,0,0,0,71176254.9375,0,161791.324219,161720571.469,98391281.5,4331945.99219,9589433.00781,10461550.5547,5496693.85938,0,0,0,0,0
525,571.301,24.7,27196640.125,27196640.125,27196640.125,0,0,0,0,0,0,27556202.25,27556202.25,27556202.25,0,0,0,126851984.742,7461881.45542,0,1070672.55078,1070672.55078,1070672.55078,67334222.75,67334222.75,67334222.75,0,0,0,546102.478516,546102.478516,546102.478516,0,0,0,2544832.4375,2544832.4375,2544832.4375,0,0,0,580200.289062,580200.289062,580200.289062,0,0,0,23111.8613281,7703.95377604,0,99272670.6309,7636359.2793,0,23111.8613281,0,0,27556202.25,0,0,67334222.75,27196640.125,546102.478516,1070672.55078,2544832.4375,580200.289062,0,0,0,0,0
583,573.319,26.633333333333333,13809991.2188,13809991.2188,13809991.2188,0,0,0,32892.0703125,32892.0703125,32892.0703125,13583604.4844,13583604.4844,13583604.4844,0,0,0,173155065.564,10185592.092,0,520714.705078,520714.705078,520714.705078,143688530.938,143688530.938,143688530.938,0,0,0,323862.154297,323862.154297,323862.154297,0,0,0,1195469.99414,1195469.99414,1195469.99414,0,0,0,0,0,0,0,0,0,0,0,0,159571461.08,12274727.7754,0,0,0,0,13583604.4844,0,0,143688530.938,13809991.2188,323862.154297,520714.705078,1195469.99414,0,0,0,0,32892.0703125,0
531,573.319,30.133333333333333,35942288.7031,35942288.7031,35942288.7031,0,0,0,0,0,0,28906433.7031,28906433.7031,28906433.7031,58307.2226562,58307.2226562,58307.2226562,169228004.912,9954588.52424,0,2828233.4043,2828233.4043,2828233.4043,96171029.5625,96171029.5625,96171029.5625,0,0,0,1016073.74219,1016073.74219,1016073.74219,0,0,0,2982922.05078,2982922.05078,2982922.05078,0,0,0,1322716.52344,1322716.52344,1322716.52344,0,0,0,0,0,0,140321571.209,10793967.0161,58307.2226562,0,0,0,28906433.7031,0,58307.2226562,96171029.5625,35942288.7031,1016073.74219,2828233.4043,2982922.05078,1322716.52344,0,0,0,0,0
389,575.284,18.233333333333334,0,0,0,0,0,0,0,0,0,7887871.11719,7887871.11719,7887871.11719,1768865.28516,1768865.28516,1768865.28516,60945910.4355,3585053.55503,0,266385.720703,266385.720703,266385.720703,179521.1875,179521.1875,179521.1875,0,0,0,0,0,0,0,0,0,0,0,0,0,0,0,0,0,0,50843267.125,50843267.125,50843267.125,0,0,0,53058039.3184,4081387.63987,0,0,0,0,7887871.11719,50843267.125,1768865.28516,179521.1875,0,0,266385.720703,0,0,0,0,0,0,0
530,575.295,24.666666666666668,652142.289062,652142.289062,652142.289062,0,0,0,0,0,0,2488641.05078,2488641.05078,2488641.05078,1674243.16016,1674243.16016,1674243.16016,60370954.4707,3551232.61592,0,86097.3007812,86097.3007812,86097.3007812,55128550.75,55128550.75,55128550.75,0,0,0,341279.919922,341279.919922,341279.919922,0,0,0,0,0,0,0,0,0,0,0,0,0,0,0,0,0,0,57882313.4199,4452485.64769,0,0,0,0,2488641.05078,0,1674243.16016,55128550.75,652142.289062,341279.919922,86097.3007812,0,0,0,0,0,0,0
18,577.265,12.166666666666666,100222434.875,100222434.875,100222434.875,0,0,0,0,0,0,152147372.75,152147372.75,152147372.75,1352068.65234,1352068.65234,1352068.65234,1740781789.81,102398928.812,0,520850847.125,520850847.125,520850847.125,0,0,0,0,0,0,880182753.875,880182753.875,880182753.875,0,0,0,76149783.3125,76149783.3125,76149783.3125,0,0,0,9876529.2168,9876529.2168,9876529.2168,0,0,0,0,0,0,1588634417.06,122202647.466,0,0,0,0,152147372.75,0,1352068.65234,0,100222434.875,880182753.875,520850847.125,76149783.3125,9876529.2168,0,0,0,0,0
652,577.265,10.733333333333333,23526.2070312,23526.2070312,23526.2070312,0,0,0,0,0,0,13806103.6719,13806103.6719,13806103.6719,0,0,0,221959721.371,13056454.1983,0,16942763.4844,16942763.4844,16942763.4844,0,0,0,0,0,0,187990273.562,187990273.562,187990273.562,0,0,0,3015247.46484,3015247.46484,3015247.46484,0,0,0,181806.980469,181806.980469,181806.980469,0,0,0,0,0,0,208153617.699,16011816.7461,0,0,0,0,13806103.6719,0,0,0,23526.2070312,187990273.562,16942763.4844,3015247.46484,181806.980469,0,0,0,0,0
194,577.265,16.633333333333333,118512386,118512386,118512386,0,0,0,0,0,0,72172103.375,72172103.375,72172103.375,3228252.51562,3228252.51562,3228252.51562,219082756.65,12887220.9794,0,9065837.3125,9065837.3125,9065837.3125,6957936.66016,6957936.66016,6957936.66016,0,0,0,5207644.48047,5207644.48047,5207644.48047,0,0,0,1721593.16602,1721593.16602,1721593.16602,0,0,0,2217003.14062,2217003.14062,2217003.14062,0,0,0,0,0,0,146910653.275,11300819.4827,1721593.16602,0,0,0,72172103.375,0,3228252.51562,6957936.66016,118512386,5207644.48047,9065837.3125,1721593.16602,2217003.14062,0,0,0,0,0
880,577.297,27.116666666666667,0,0,0,0,0,0,0,0,0,979356.113281,979356.113281,979356.113281,0,0,0,113175053.695,6657356.09972,0,3307017.64844,3307017.64844,3307017.64844,0,0,0,0,0,0,3461362.72266,3461362.72266,3461362.72266,0,0,0,104825759.875,104825759.875,104825759.875,0,0,0,601557.335938,601557.335938,601557.335938,0,0,0,0,0,0,112195697.582,8630438.27554,0,0,0,0,979356.113281,0,0,0,0,3461362.72266,3307017.64844,104825759.875,601557.335938,0,0,0,0,0
921,577.297,25.8,0,0,0,0,0,0,0,0,0,430823.890625,430823.890625,430823.890625,0,0,0,80097011.877,4711588.93394,0,30373.6660156,30373.6660156,30373.6660156,0,0,0,0,0,0,0,0,0,0,0,0,75474891.0625,75474891.0625,75474891.0625,0,0,0,4160923.25781,4160923.25781,4160923.25781,0,0,0,0,0,0,79666187.9863,6128168.30664,0,0,0,0,430823.890625,0,0,0,0,0,30373.6660156,75474891.0625,4160923.25781,0,0,0,0,0
858,577.795,25.816666666666666,0,0,0,0,0,0,0,0,0,292580.082031,292580.082031,292580.082031,0,0,0,57990061.8672,3411180.10983,0,0,0,0,0,0,0,0,0,0,0,0,0,0,0,0,54527295.5,54527295.5,54527295.5,0,0,0,3170186.28516,3170186.28516,3170186.28516,0,0,0,0,0,0,57697481.7852,4438267.82963,0,0,0,0,292580.082031,0,0,0,0,0,0,54527295.5,3170186.28516,0,0,0,0,0
158,581.274,18.983333333333334,1058086.95898,1058086.95898,1058086.95898,23721692.4141,23721692.4141,23721692.4141,0,0,0,114098241.188,114098241.188,114098241.188,16727803.75,16727803.75,16727803.75,680732414.762,40043083.2213,1541047.22266,6616577.53125,6616577.53125,6616577.53125,4790014.35547,4790014.35547,4790014.35547,0,0,0,3238231.99219,3238231.99219,3238231.99219,0,0,0,1541047.22266,1541047.22266,1541047.22266,0,0,0,2013986.28711,2013986.28711,2013986.28711,506926733.062,506926733.062,506926733.062,0,0,0,566634173.574,43587244.1211,2013986.28711,0,0,0,114098241.188,506926733.062,16727803.75,4790014.35547,1058086.95898,3238231.99219,6616577.53125,1541047.22266,2013986.28711,0,0,0,0,23721692.4141
598,587.249,15.066666666666666,2894459.13477,2894459.13477,2894459.13477,0,0,0,0,0,0,18073178.5078,18073178.5078,18073178.5078,1037870.49219,1037870.49219,1037870.49219,418353559.018,24609032.8834,0,1252737.8125,1252737.8125,1252737.8125,393669468.125,393669468.125,393669468.125,0,0,0,1031051.19531,1031051.19531,1031051.19531,0,0,0,199842.914062,199842.914062,199842.914062,0,0,0,194950.835938,194950.835938,194950.835938,0,0,0,0,0,0,400280380.51,30790798.5008,194950.835938,0,0,0,18073178.5078,0,1037870.49219,393669468.125,2894459.13477,1031051.19531,1252737.8125,199842.914062,194950.835938,0,0,0,0,0
10,589.311,26.783333333333335,60225722.125,60225722.125,60225722.125,57266.2167969,57266.2167969,57266.2167969,0,0,0,302412628.75,302412628.75,302412628.75,1029568477.94,1029568477.94,1029568477.94,2366855475.93,139226792.702,16925238.1953,39543399.2891,39543399.2891,39543399.2891,501023719.75,501023719.75,501023719.75,0,0,0,16925238.1953,16925238.1953,16925238.1953,0,0,0,35068036,35068036,35068036,2098348.43164,2098348.43164,2098348.43164,22750183.9844,22750183.9844,22750183.9844,357182455.25,357182455.25,357182455.25,0,0,0,2064442847.18,158803295.937,22750183.9844,0,0,0,302412628.75,357182455.25,1029568477.94,501023719.75,60225722.125,16925238.1953,39543399.2891,35068036,22750183.9844,0,2098348.43164,0,0,57266.2167969
22,589.311,25.333333333333332,375324484,375324484,375324484,34220.1328125,34220.1328125,34220.1328125,0,0,0,196564804.5,196564804.5,196564804.5,92407611.875,92407611.875,92407611.875,775015120.357,45589124.7269,1348903.48438,37418801.75,37418801.75,37418801.75,1348903.48438,1348903.48438,1348903.48438,0,0,0,17111247.7109,17111247.7109,17111247.7109,26763.3945312,26763.3945312,26763.3945312,39304814.125,39304814.125,39304814.125,171854.294922,171854.294922,171854.294922,8221655.75781,8221655.75781,8221655.75781,7079959.33203,7079959.33203,7079959.33203,0,0,0,578450315.857,44496178.1429,7079959.33203,0,0,0,196564804.5,7079959.33203,92407611.875,1348903.48438,375324484,17111247.7109,37418801.75,39304814.125,8221655.75781,26763.3945312,171854.294922,0,0,34220.1328125
1030,589.391,23.5,22451289.5312,22451289.5312,22451289.5312,16606572.5312,16606572.5312,16606572.5312,27968189.6875,27968189.6875,27968189.6875,29925235.625,29925235.625,29925235.625,24587175.9375,24587175.9375,24587175.9375,362095093.219,21299711.3658,21439531.5625,17764475.9297,17764475.9297,17764475.9297,23271381.3125,23271381.3125,23271381.3125,30467722.9375,30467722.9375,30467722.9375,20767701.3906,20767701.3906,20767701.3906,60905520.75,60905520.75,60905520.75,13450913.3047,13450913.3047,13450913.3047,33617205.0625,33617205.0625,33617205.0625,21439531.5625,21439531.5625,21439531.5625,18872177.6562,18872177.6562,18872177.6562,0,0,0,332169857.594,25551527.5072,22451289.5312,0,0,0,29925235.625,18872177.6562,24587175.9375,23271381.3125,22451289.5312,20767701.3906,17764475.9297,13450913.3047,21439531.5625,60905520.75,33617205.0625,30467722.9375,27968189.6875,16606572.5312
170,590.317,26.783333333333335,26090537.5391,26090537.5391,26090537.5391,0,0,0,0,0,0,108203877.25,108203877.25,108203877.25,315096982.5,315096982.5,315096982.5,791021365.215,46530668.542,6387011.32031,14179925.5039,14179925.5039,14179925.5039,184607263.312,184607263.312,184607263.312,0,0,0,6387011.32031,6387011.32031,6387011.32031,0,0,0,17238724.0703,17238724.0703,17238724.0703,621402.746094,621402.746094,621402.746094,8453606.72266,8453606.72266,8453606.72266,110142034.25,110142034.25,110142034.25,0,0,0,682817487.965,52524422.1511,8453606.72266,0,0,0,108203877.25,110142034.25,315096982.5,184607263.312,26090537.5391,6387011.32031,14179925.5039,17238724.0703,8453606.72266,0,621402.746094,0,0,0
152,591.326,28.45,18096736.7656,18096736.7656,18096736.7656,1832174.46484,1832174.46484,1832174.46484,373459.654297,373459.654297,373459.654297,92610166,92610166,92610166,436244068.562,436244068.562,436244068.562,837278736.268,49251690.3687,4044944.03125,8139603.59766,8139603.59766,8139603.59766,16715638.9531,16715638.9531,16715638.9531,0,0,0,4044944.03125,4044944.03125,4044944.03125,0,0,0,11359271.2266,11359271.2266,11359271.2266,0,0,0,5721817.88672,5721817.88672,5721817.88672,242140855.125,242140855.125,242140855.125,0,0,0,744668570.268,57282197.7129,5721817.88672,0,0,0,92610166,242140855.125,436244068.562,16715638.9531,18096736.7656,4044944.03125,8139603.59766,11359271.2266,5721817.88672,0,0,0,373459.654297,1832174.46484
1088,591.326,30.9,0,0,0,3338420.54688,3338420.54688,3338420.54688,64249892.625,64249892.625,64249892.625,1906723.28125,1906723.28125,1906723.28125,325349.277344,325349.277344,325349.277344,70271189.7852,4133599.39913,0,28073.1035156,28073.1035156,28073.1035156,0,0,0,0,0,0,0,0,0,0,0,0,0,0,0,0,0,0,0,0,0,422730.951172,422730.951172,422730.951172,0,0,0,68364466.5039,5258805.11569,0,0,0,0,1906723.28125,422730.951172,325349.277344,0,0,0,28073.1035156,0,0,0,0,0,64249892.625,3338420.54688
142,591.326,27.1,110699187.875,110699187.875,110699187.875,0,0,0,0,0,0,60567642.75,60567642.75,60567642.75,1725612.10156,1725612.10156,1725612.10156,195457277.402,11497486.906,112448.457031,6047462.34766,6047462.34766,6047462.34766,112448.457031,112448.457031,112448.457031,0,0,0,5070685.9375,5070685.9375,5070685.9375,0,0,0,4515631.05469,4515631.05469,4515631.05469,0,0,0,3929568.75,3929568.75,3929568.75,2789038.12891,2789038.12891,2789038.12891,0,0,0,134889634.652,10376125.7425,1725612.10156,0,0,0,60567642.75,2789038.12891,1725612.10156,112448.457031,110699187.875,5070685.9375,6047462.34766,4515631.05469,3929568.75,0,0,0,0,0
72,595.252,19.033333333333335,712097.6875,712097.6875,712097.6875,6377907.37891,6377907.37891,6377907.37891,0,0,0,52574154,52574154,52574154,229678335.5,229678335.5,229678335.5,523948789.461,30820517.0271,712097.6875,2209774.63477,2209774.63477,2209774.63477,6059217.57031,6059217.57031,6059217.57031,0,0,0,1188116.35156,1188116.35156,1188116.35156,0,0,0,672283.511719,672283.511719,672283.511719,0,0,0,863240.451172,863240.451172,863240.451172,223613662.375,223613662.375,223613662.375,0,0,0,471374635.461,36259587.3431,863240.451172,0,0,0,52574154,223613662.375,229678335.5,6059217.57031,712097.6875,1188116.35156,2209774.63477,672283.511719,863240.451172,0,0,0,0,6377907.37891
487,595.252,12.366666666666667,91665.9375,91665.9375,91665.9375,80732.8789062,80732.8789062,80732.8789062,0,0,0,1537241.41797,1537241.41797,1537241.41797,33749010.375,33749010.375,33749010.375,48876905.6504,2875112.09708,35227.7070312,139265.722656,139265.722656,139265.722656,12060876.8438,12060876.8438,12060876.8438,0,0,0,92147.1972656,92147.1972656,92147.1972656,0,0,0,1090737.57031,1090737.57031,1090737.57031,0,0,0,35227.7070312,35227.7070312,35227.7070312,0,0,0,0,0,0,47339664.2324,3641512.63326,80732.8789062,0,0,0,1537241.41797,0,33749010.375,12060876.8438,91665.9375,92147.1972656,139265.722656,1090737.57031,35227.7070312,0,0,0,0,80732.8789062
1098,595.256,21.5,69846.5078125,69846.5078125,69846.5078125,426145709.75,426145709.75,426145709.75,0,0,0,26825227.75,26825227.75,26825227.75,3247241.66406,3247241.66406,3247241.66406,493883653.49,29051979.6171,453364.769531,2090163.64453,2090163.64453,2090163.64453,1444235.78125,1444235.78125,1444235.78125,0,0,0,760718.164062,760718.164062,760718.164062,58948.7128906,58948.7128906,58948.7128906,981674.207031,981674.207031,981674.207031,0,0,0,453364.769531,453364.769531,453364.769531,31806522.5391,31806522.5391,31806522.5391,0,0,0,467058425.74,35927571.2108,760718.164062,0,0,0,26825227.75,31806522.5391,3247241.66406,1444235.78125,69846.5078125,760718.164062,2090163.64453,981674.207031,453364.769531,58948.7128906,0,0,0,426145709.75
58,595.29,21.5,626422.535156,626422.535156,626422.535156,883834975,883834975,883834975,0,0,0,58210084.3125,58210084.3125,58210084.3125,4417859.59375,4417859.59375,4417859.59375,1002939022.2,58996413.0705,657456.882812,2941328.15234,2941328.15234,2941328.15234,2962319.98438,2962319.98438,2962319.98438,0,0,0,1875192.39062,1875192.39062,1875192.39062,0,0,0,657456.882812,657456.882812,657456.882812,0,0,0,1181390.09766,1181390.09766,1181390.09766,46231993.25,46231993.25,46231993.25,0,0,0,944728937.887,72671456.7605,1181390.09766,0,0,0,58210084.3125,46231993.25,4417859.59375,2962319.98438,626422.535156,1875192.39062,2941328.15234,657456.882812,1181390.09766,0,0,0,0,883834975
1,597.269,19.416666666666668,20537892.75,20537892.75,20537892.75,106289740,106289740,106289740,0,0,0,1731858680.38,1731858680.38,1731858680.38,162888291.812,162888291.812,162888291.812,9630616859.61,566506874.095,38616408.8125,135318592.5,135318592.5,135318592.5,64590690.75,64590690.75,64590690.75,0,0,0,59359066,59359066,59359066,766044.484375,766044.484375,766044.484375,126114282.625,126114282.625,126114282.625,0,0,0,38616408.8125,38616408.8125,38616408.8125,7184277169.5,7184277169.5,7184277169.5,0,0,0,7898758179.23,607596783.018,59359066,0,0,0,1731858680.38,7184277169.5,162888291.812,64590690.75,20537892.75,59359066,135318592.5,126114282.625,38616408.8125,766044.484375,0,0,0,106289740
89,597.271,20.216666666666665,1885660.96094,1885660.96094,1885660.96094,6250109.18359,6250109.18359,6250109.18359,0,0,0,184630981.25,184630981.25,184630981.25,93949544,93949544,93949544,1197657480.74,70450440.0438,3922197.43359,11127727.4004,11127727.4004,11127727.4004,11729660,11729660,11729660,0,0,0,5607124.67578,5607124.67578,5607124.67578,0,0,0,4238755.58984,4238755.58984,4238755.58984,0,0,0,3922197.43359,3922197.43359,3922197.43359,874315720.25,874315720.25,874315720.25,0,0,0,1013026499.49,77925115.3457,4238755.58984,0,0,0,184630981.25,874315720.25,93949544,11729660,1885660.96094,5607124.67578,11127727.4004,4238755.58984,3922197.43359,0,0,0,0,6250109.18359
241,597.271,17.283333333333335,1114271.18164,1114271.18164,1114271.18164,0,0,0,0,0,0,30794104.9062,30794104.9062,30794104.9062,280271532.75,280271532.75,280271532.75,425384159.176,25022597.5986,382947.140625,1069619.73438,1069619.73438,1069619.73438,12438045.9062,12438045.9062,12438045.9062,0,0,0,936597.269531,936597.269531,936597.269531,0,0,0,438649.099609,438649.099609,438649.099609,0,0,0,382947.140625,382947.140625,382947.140625,97938391.1875,97938391.1875,97938391.1875,0,0,0,394590054.27,30353081.0977,438649.099609,0,0,0,30794104.9062,97938391.1875,280271532.75,12438045.9062,1114271.18164,936597.269531,1069619.73438,438649.099609,382947.140625,0,0,0,0,0
97,597.271,21.766666666666666,833968.623047,833968.623047,833968.623047,504337523.125,504337523.125,504337523.125,0,0,0,66438805.4375,66438805.4375,66438805.4375,7567130.79297,7567130.79297,7567130.79297,855890670.486,50346510.0286,1427595.16016,4984209.59375,4984209.59375,4984209.59375,6275518.30078,6275518.30078,6275518.30078,0,0,0,2014738.44531,2014738.44531,2014738.44531,26262.046875,26262.046875,26262.046875,3047666.02344,3047666.02344,3047666.02344,0,0,0,1427595.16016,1427595.16016,1427595.16016,258937252.938,258937252.938,258937252.938,0,0,0,789451865.049,60727066.5422,2014738.44531,0,0,0,66438805.4375,258937252.938,7567130.79297,6275518.30078,833968.623047,2014738.44531,4984209.59375,3047666.02344,1427595.16016,26262.046875,0,0,0,504337523.125
188,597.271,14.933333333333334,26203366.7559,26203366.7559,26203366.7559,0,0,0,0,0,0,87810612.25,87810612.25,87810612.25,5687863.42188,5687863.42188,5687863.42188,1706786086.72,100399181.572,0,8735637.25195,8735637.25195,8735637.25195,1567529932.12,1567529932.12,1567529932.12,0,0,0,6994411.99219,6994411.99219,6994411.99219,0,0,0,1713033.72461,1713033.72461,1713033.72461,0,0,0,2111229.20117,2111229.20117,2111229.20117,0,0,0,0,0,0,1618975474.47,124536574.959,1713033.72461,0,0,0,87810612.25,0,5687863.42188,1567529932.12,26203366.7559,6994411.99219,8735637.25195,1713033.72461,2111229.20117,0,0,0,0,0
785,598.265,9.95,0,0,0,0,0,0,0,0,0,753596.570312,753596.570312,753596.570312,0,0,0,89640211.2598,5272953.60352,0,80716272.5,80716272.5,80716272.5,0,0,0,0,0,0,7208884.64648,7208884.64648,7208884.64648,0,0,0,906115.068359,906115.068359,906115.068359,0,0,0,29638.3398438,29638.3398438,29638.3398438,0,0,0,25704.1347656,8568.04492188,0,88860910.5547,6835454.65805,0,25704.1347656,0,0,753596.570312,0,0,0,0,7208884.64648,80716272.5,906115.068359,29638.3398438,0,0,0,0,0
465,598.27,19.466666666666665,7552446.55469,7552446.55469,7552446.55469,36366126.9375,36366126.9375,36366126.9375,0,0,0,499038484.5,499038484.5,499038484.5,54381533.5,54381533.5,54381533.5,2816153416.52,165656083.325,7552446.55469,31874207.75,31874207.75,31874207.75,23993930.75,23993930.75,23993930.75,0,0,0,19722446.8594,19722446.8594,19722446.8594,116223.384766,116223.384766,116223.384766,7091848.23438,7091848.23438,7091848.23438,0,0,0,13627688.0469,13627688.0469,13627688.0469,2122388480,2122388480,2122388480,0,0,0,2317114932.02,178239610.155,13627688.0469,0,0,0,499038484.5,2122388480,54381533.5,23993930.75,7552446.55469,19722446.8594,31874207.75,7091848.23438,13627688.0469,116223.384766,0,0,0,36366126.9375
928,605.305,20.416666666666668,140167.988281,140167.988281,140167.988281,0,0,0,0,0,0,459720.214844,459720.214844,459720.214844,1339127.55273,1339127.55273,1339127.55273,99716208.4453,5865659.32031,0,131649.9375,131649.9375,131649.9375,0,0,0,0,0,0,520297.560547,520297.560547,520297.560547,0,0,0,96597909,96597909,96597909,0,0,0,527336.191406,527336.191406,527336.191406,0,0,0,0,0,0,99256488.2305,7635114.47927,0,0,0,0,459720.214844,0,1339127.55273,0,140167.988281,520297.560547,131649.9375,96597909,527336.191406,0,0,0,0,0
360,605.31,27.083333333333332,730678.933594,730678.933594,730678.933594,106475757.25,106475757.25,106475757.25,148179588.25,148179588.25,148179588.25,7940947.0625,7940947.0625,7940947.0625,2970573.28516,2970573.28516,2970573.28516,268994427.227,15823201.6016,390492.832031,390492.832031,390492.832031,390492.832031,487802.748047,487802.748047,487802.748047,0,0,0,90909.171875,90909.171875,90909.171875,0,0,0,457547.492188,457547.492188,457547.492188,0,0,0,109192.685547,109192.685547,109192.685547,1160937.51562,1160937.51562,1160937.51562,0,0,0,261053480.164,20081036.9357,457547.492188,0,0,0,7940947.0625,1160937.51562,2970573.28516,487802.748047,730678.933594,90909.171875,390492.832031,457547.492188,109192.685547,0,0,0,148179588.25,106475757.25
1073,605.31,28,77934.3828125,77934.3828125,77934.3828125,10953905.0352,10953905.0352,10953905.0352,276929891.375,276929891.375,276929891.375,8763919.30859,8763919.30859,8763919.30859,1610341.39648,1610341.39648,1610341.39648,301233709.066,17719629.9451,260196.765625,510126.207031,510126.207031,510126.207031,729346.390625,729346.390625,729346.390625,260196.765625,260196.765625,260196.765625,70731.8261719,70731.8261719,70731.8261719,0,0,0,439872.929688,439872.929688,439872.929688,0,0,0,79026.2148438,79026.2148438,79026.2148438,808417.234375,808417.234375,808417.234375,0,0,0,292469789.758,22497676.1352,439872.929688,0,0,0,8763919.30859,808417.234375,1610341.39648,729346.390625,77934.3828125,70731.8261719,510126.207031,439872.929688,79026.2148438,0,0,260196.765625,276929891.375,10953905.0352
425,605.31,18.616666666666667,241393.460938,241393.460938,241393.460938,0,0,0,0,0,0,0,0,0,52787530.75,52787530.75,52787530.75,60965229.377,3586189.96335,0,56428.84375,56428.84375,56428.84375,1196430.77734,1196430.77734,1196430.77734,0,0,0,36369.4492188,36369.4492188,36369.4492188,0,0,0,5452716.92188,5452716.92188,5452716.92188,0,0,0,1194359.17383,1194359.17383,1194359.17383,0,0,0,0,0,0,60965229.377,4689633.029,36369.4492188,0,0,0,0,0,52787530.75,1196430.77734,241393.460938,36369.4492188,56428.84375,5452716.92188,1194359.17383,0,0,0,0,0
488,609.269,16.65,0,0,0,0,0,0,0,0,0,1022948.78125,1022948.78125,1022948.78125,42689948.75,42689948.75,42689948.75,47195591.875,2776211.28676,0,0,0,0,3482694.34375,3482694.34375,3482694.34375,0,0,0,0,0,0,0,0,0,0,0,0,0,0,0,0,0,0,0,0,0,0,0,0,46172643.0938,3551741.77644,0,0,0,0,1022948.78125,0,42689948.75,3482694.34375,0,0,0,0,0,0,0,0,0,0
107,613.266,13.733333333333333,698116630.5,698116630.5,698116630.5,0,0,0,0,0,0,538234541.625,538234541.625,538234541.625,11986418.8281,11986418.8281,11986418.8281,1412438016.51,83084589.2065,69812.9394531,50592034.625,50592034.625,50592034.625,53511994.875,53511994.875,53511994.875,0,0,0,26915699.0625,26915699.0625,26915699.0625,69812.9394531,69812.9394531,69812.9394531,24820644.8125,24820644.8125,24820644.8125,0,0,0,8190239.24219,8190239.24219,8190239.24219,0,0,0,0,0,0,874203474.885,67246421.145,8190239.24219,0,0,0,538234541.625,0,11986418.8281,53511994.875,698116630.5,26915699.0625,50592034.625,24820644.8125,8190239.24219,69812.9394531,0,0,0,0
372,613.266,14.566666666666666,281764127.875,281764127.875,281764127.875,0,0,0,0,0,0,170152821.125,170152821.125,170152821.125,4320646.73438,4320646.73438,4320646.73438,499614869.465,29389109.9685,0,16815958.3047,16815958.3047,16815958.3047,6175170.45312,6175170.45312,6175170.45312,0,0,0,9723442.36719,9723442.36719,9723442.36719,0,0,0,6879808.83984,6879808.83984,6879808.83984,0,0,0,3782893.76562,3782893.76562,3782893.76562,0,0,0,0,0,0,329462048.34,25343234.4877,3782893.76562,0,0,0,170152821.125,0,4320646.73438,6175170.45312,281764127.875,9723442.36719,16815958.3047,6879808.83984,3782893.76562,0,0,0,0,0
508,615.279,13.716666666666667,1324905.875,1324905.875,1324905.875,0,0,0,0,0,0,1744730.12891,1744730.12891,1744730.12891,154976664.875,154976664.875,154976664.875,373349530.611,21961737.0948,0,176994.445312,176994.445312,176994.445312,214771554.75,214771554.75,214771554.75,0,0,0,197671.96875,197671.96875,197671.96875,0,0,0,106595.90625,106595.90625,106595.90625,0,0,0,50412.6621094,50412.6621094,50412.6621094,0,0,0,0,0,0,371604800.482,28584984.6525,50412.6621094,0,0,0,1744730.12891,0,154976664.875,214771554.75,1324905.875,197671.96875,176994.445312,106595.90625,50412.6621094,0,0,0,0,0
552,615.326,28.633333333333333,579181.933594,579181.933594,579181.933594,0,0,0,0,0,0,1873904.21875,1873904.21875,1873904.21875,3170871.92188,3170871.92188,3170871.92188,32130996.752,1890058.63247,0,27407.0605469,27407.0605469,27407.0605469,26448509.75,26448509.75,26448509.75,0,0,0,0,0,0,0,0,0,0,0,0,0,0,0,31121.8671875,31121.8671875,31121.8671875,0,0,0,0,0,0,30257092.5332,2327468.6564,0,0,0,0,1873904.21875,0,3170871.92188,26448509.75,579181.933594,0,27407.0605469,0,31121.8671875,0,0,0,0,0
17,619.272,12.15,149744882.625,149744882.625,149744882.625,0,0,0,0,0,0,230349024,230349024,230349024,2240023.60547,2240023.60547,2240023.60547,2742033622.97,161296095.469,24652.4765625,776175057.562,776175057.562,776175057.562,60039.875,60039.875,60039.875,0,0,0,1357749557.25,1357749557.25,1357749557.25,0,0,0,209111993.125,209111993.125,209111993.125,0,0,0,16578392.4512,16578392.4512,16578392.4512,0,0,0,24652.4765625,8217.4921875,0,2511659946.49,193204611.269,60039.875,0,24652.4765625,0,230349024,0,2240023.60547,60039.875,149744882.625,1357749557.25,776175057.562,209111993.125,16578392.4512,0,0,0,0,0
737,621.291,9.283333333333333,0,0,0,0,0,0,0,0,0,4461010.83203,4461010.83203,4461010.83203,0,0,0,354439414.533,20849377.3255,0,341136152.062,341136152.062,341136152.062,0,0,0,0,0,0,57138.5683594,57138.5683594,57138.5683594,0,0,0,8582073.03125,8582073.03125,8582073.03125,0,0,0,203040.039062,203040.039062,203040.039062,0,0,0,0,0,0,349978403.701,26921415.6693,0,0,0,0,4461010.83203,0,0,0,0,57138.5683594,341136152.062,8582073.03125,203040.039062,0,0,0,0,0
271,621.291,17.316666666666666,1260640.23047,1260640.23047,1260640.23047,53471.65625,53471.65625,53471.65625,0,0,0,26335995.9004,26335995.9004,26335995.9004,574462723.875,574462723.875,574462723.875,697627201.105,41036894.1827,151220.109375,1909973.91797,1909973.91797,1909973.91797,63000747.5,63000747.5,63000747.5,0,0,0,29351238.1953,29351238.1953,29351238.1953,0,0,0,151220.109375,151220.109375,151220.109375,30518.59375,30518.59375,30518.59375,202317.21875,202317.21875,202317.21875,868353.908203,868353.908203,868353.908203,0,0,0,671291205.205,51637785.0158,202317.21875,0,0,0,26335995.9004,868353.908203,574462723.875,63000747.5,1260640.23047,29351238.1953,1909973.91797,151220.109375,202317.21875,0,30518.59375,0,0,53471.65625
868,621.292,7.25,0,0,0,0,0,0,0,0,0,1536119.08594,1536119.08594,1536119.08594,0,0,0,156168283.053,9186369.59134,0,6485343.52344,6485343.52344,6485343.52344,0,0,0,0,0,0,89030.4355469,89030.4355469,89030.4355469,0,0,0,147515168,147515168,147515168,0,0,0,542622.007812,542622.007812,542622.007812,0,0,0,0,0,0,154632163.967,11894781.8436,0,0,0,0,1536119.08594,0,0,0,0,89030.4355469,6485343.52344,147515168,542622.007812,0,0,0,0,0
74,625.301,19.6,1790394.125,1790394.125,1790394.125,1074933720.88,1074933720.88,1074933720.88,0,0,0,216707926.875,216707926.875,216707926.875,16936395.8672,16936395.8672,16936395.8672,2227105485.51,131006205.03,3865837.91797,11006983.8242,11006983.8242,11006983.8242,12033696.3125,12033696.3125,12033696.3125,0,0,0,5517092.78906,5517092.78906,5517092.78906,0,0,0,7168536.04492,7168536.04492,7168536.04492,0,0,0,3865837.91797,3865837.91797,3865837.91797,877144900.875,877144900.875,877144900.875,0,0,0,2010397558.63,154645966.049,5517092.78906,0,0,0,216707926.875,877144900.875,16936395.8672,12033696.3125,1790394.125,5517092.78906,11006983.8242,7168536.04492,3865837.91797,0,0,0,0,1074933720.88
359,625.301,25.516666666666666,57072.984375,57072.984375,57072.984375,295385774.625,295385774.625,295385774.625,148741531.625,148741531.625,148741531.625,22654333.1367,22654333.1367,22654333.1367,1810297.48438,1810297.48438,1810297.48438,477786557.473,28105091.616,559016.953125,1494249.34375,1494249.34375,1494249.34375,1010223.19531,1010223.19531,1010223.19531,0,0,0,559016.953125,559016.953125,559016.953125,0,0,0,1401798.87109,1401798.87109,1401798.87109,0,0,0,267432.671875,267432.671875,267432.671875,4404826.58203,4404826.58203,4404826.58203,0,0,0,455132224.336,35010171.1028,1010223.19531,0,0,0,22654333.1367,4404826.58203,1810297.48438,1010223.19531,57072.984375,559016.953125,1494249.34375,1401798.87109,267432.671875,0,0,0,148741531.625,295385774.625
926,629.309,26.066666666666666,66566.4296875,66566.4296875,66566.4296875,0,0,0,0,0,0,3792735.89648,3792735.89648,3792735.89648,0,0,0,240119050.713,14124650.0419,0,71348054.4688,71348054.4688,71348054.4688,0,0,0,0,0,0,16237680.3516,16237680.3516,16237680.3516,0,0,0,147381433.75,147381433.75,147381433.75,0,0,0,1292579.81641,1292579.81641,1292579.81641,0,0,0,0,0,0,236326314.816,18178947.2936,0,0,0,0,3792735.89648,0,0,0,66566.4296875,16237680.3516,71348054.4688,147381433.75,1292579.81641,0,0,0,0,0
496,631.311,17.333333333333332,141132.710938,141132.710938,141132.710938,18938877.2031,18938877.2031,18938877.2031,0,0,0,6805658.24219,6805658.24219,6805658.24219,146794662.875,146794662.875,146794662.875,193003735.299,11353160.8999,49407.6933594,250096.378906,250096.378906,250096.378906,19178660.3594,19178660.3594,19178660.3594,0,0,0,101746.730469,101746.730469,101746.730469,0,0,0,49407.6933594,49407.6933594,49407.6933594,0,0,0,0,0,0,743493.105469,743493.105469,743493.105469,0,0,0,186198077.057,14322929.0044,101746.730469,0,0,0,6805658.24219,743493.105469,146794662.875,19178660.3594,141132.710938,101746.730469,250096.378906,49407.6933594,0,0,0,0,0,18938877.2031
1077,631.324,29.316666666666666,1166697.21094,1166697.21094,1166697.21094,32958900.0625,32958900.0625,32958900.0625,39693379.5,39693379.5,39693379.5,3332028.75977,3332028.75977,3332028.75977,29582.1015625,29582.1015625,29582.1015625,78061915.4785,4591877.38109,29582.1015625,149514.248047,149514.248047,149514.248047,28431.3300781,28431.3300781,28431.3300781,577107.878906,577107.878906,577107.878906,0,0,0,0,0,0,90409.8164062,90409.8164062,90409.8164062,0,0,0,0,0,0,35864.5703125,35864.5703125,35864.5703125,0,0,0,74729886.7188,5748452.82452,35864.5703125,0,0,0,3332028.75977,35864.5703125,29582.1015625,28431.3300781,1166697.21094,0,149514.248047,90409.8164062,0,0,0,577107.878906,39693379.5,32958900.0625
1049,631.468,20.666666666666668,0,0,0,0,0,0,0,0,0,93495.5742188,93495.5742188,93495.5742188,0,0,0,36631391.9492,2154787.76172,0,0,0,0,0,0,0,0,0,0,0,0,0,0,0,0,0,0,0,36537896.375,36537896.375,36537896.375,0,0,0,0,0,0,0,0,0,36537896.375,2810607.41346,0,0,0,0,93495.5742188,0,0,0,0,0,0,0,0,0,36537896.375,0,0,0
1086,633.337,31.333333333333332,0,0,0,523113.078125,523113.078125,523113.078125,71190616.875,71190616.875,71190616.875,2816137.82812,2816137.82812,2816137.82812,370844.691406,370844.691406,370844.691406,81807775.6777,4812222.09869,0,0,0,0,0,0,0,5736171.16797,5736171.16797,5736171.16797,0,0,0,25201.3398438,25201.3398438,25201.3398438,0,0,0,1022089.19727,1022089.19727,1022089.19727,0,0,0,123601.5,123601.5,123601.5,0,0,0,78991637.8496,6076279.83459,25201.3398438,0,0,0,2816137.82812,123601.5,370844.691406,0,0,0,0,0,0,25201.3398438,1022089.19727,5736171.16797,71190616.875,523113.078125
464,635.244,14.616666666666667,0,0,0,0,0,0,0,0,0,866099.785156,866099.785156,866099.785156,46275161,46275161,46275161,53145168.8789,3126186.40464,0,0,0,0,243687.853516,243687.853516,243687.853516,0,0,0,0,0,0,0,0,0,26501.5839844,26501.5839844,26501.5839844,0,0,0,0,0,0,5733718.65625,5733718.65625,5733718.65625,0,0,0,52279069.0938,4021466.85337,0,0,0,0,866099.785156,5733718.65625,46275161,243687.853516,0,0,0,26501.5839844,0,0,0,0,0,0
801,635.268,7.566666666666666,23651.1210938,23651.1210938,23651.1210938,0,0,0,0,0,0,14191097.3242,14191097.3242,14191097.3242,0,0,0,496047841.473,29179284.7925,0,226392265.5,226392265.5,226392265.5,0,0,0,0,0,0,233682175.205,233682175.205,233682175.205,0,0,0,20928141.0703,20928141.0703,20928141.0703,0,0,0,830511.251953,830511.251953,830511.251953,0,0,0,0,0,0,481856744.148,37065903.396,0,0,0,0,14191097.3242,0,0,0,23651.1210938,233682175.205,226392265.5,20928141.0703,830511.251953,0,0,0,0,0
528,637.263,13.716666666666667,515367.875,515367.875,515367.875,0,0,0,0,0,0,6358078,6358078,6358078,333571475.094,333571475.094,333571475.094,716865443.145,42168555.4791,0,2675724.39453,2675724.39453,2675724.39453,369901364.75,369901364.75,369901364.75,0,0,0,2087071.28516,2087071.28516,2087071.28516,0,0,0,1062691.89453,1062691.89453,1062691.89453,0,0,0,693669.851562,693669.851562,693669.851562,0,0,0,0,0,0,710507365.145,54654412.7034,515367.875,0,0,0,6358078,0,333571475.094,369901364.75,515367.875,2087071.28516,2675724.39453,1062691.89453,693669.851562,0,0,0,0,0
706,637.283,10.733333333333333,60079.0273438,60079.0273438,60079.0273438,0,0,0,0,0,0,31247573.6719,31247573.6719,31247573.6719,88406.4179688,88406.4179688,88406.4179688,472114174.754,27771422.0443,0,36629447.4375,36629447.4375,36629447.4375,0,0,0,0,0,0,397668783,397668783,397668783,0,0,0,5365519.54688,5365519.54688,5365519.54688,0,0,0,1054365.65234,1054365.65234,1054365.65234,0,0,0,0,0,0,440866601.082,33912815.4678,0,0,0,0,31247573.6719,0,88406.4179688,0,60079.0273438,397668783,36629447.4375,5365519.54688,1054365.65234,0,0,0,0,0
140,639.28,14.916666666666666,8082431.09375,8082431.09375,8082431.09375,0,0,0,0,0,0,38027550.875,38027550.875,38027550.875,2634581.70703,2634581.70703,2634581.70703,749691191.756,44099481.868,0,3482913.18555,3482913.18555,3482913.18555,693667507.875,693667507.875,693667507.875,0,0,0,2789049.11719,2789049.11719,2789049.11719,0,0,0,336393,336393,336393,0,0,0,670764.902344,670764.902344,670764.902344,0,0,0,0,0,0,711663640.881,54743356.9908,336393,0,0,0,38027550.875,0,2634581.70703,693667507.875,8082431.09375,2789049.11719,3482913.18555,336393,670764.902344,0,0,0,0,0
375,641.294,13.933333333333334,216546702.25,216546702.25,216546702.25,0,0,0,0,0,0,141092580.625,141092580.625,141092580.625,11108596.1914,11108596.1914,11108596.1914,434810532.143,25577090.126,27271.2871094,12883944.6562,12883944.6562,12883944.6562,33096351.1875,33096351.1875,33096351.1875,0,0,0,5488579.56055,5488579.56055,5488579.56055,0,0,0,12720905.5625,12720905.5625,12720905.5625,0,0,0,1845600.82227,1845600.82227,1845600.82227,0,0,0,27271.2871094,9090.42903646,0,293690680.23,22591590.787,1845600.82227,0,0,27271.2871094,141092580.625,0,11108596.1914,33096351.1875,216546702.25,5488579.56055,12883944.6562,12720905.5625,1845600.82227,0,0,0,0,0
100,641.294,12.366666666666667,259530406.5,259530406.5,259530406.5,0,0,0,0,0,0,153174918.25,153174918.25,153174918.25,3631751.88672,3631751.88672,3631751.88672,665030965.908,39119468.5828,32276.5195312,13091761.2188,13091761.2188,13091761.2188,219991836.375,219991836.375,219991836.375,0,0,0,6872576.17188,6872576.17188,6872576.17188,32276.5195312,32276.5195312,32276.5195312,5681488.92969,5681488.92969,5681488.92969,0,0,0,3023950.05664,3023950.05664,3023950.05664,0,0,0,0,0,0,511856047.658,39373542.1276,3023950.05664,0,0,0,153174918.25,0,3631751.88672,219991836.375,259530406.5,6872576.17188,13091761.2188,5681488.92969,3023950.05664,32276.5195312,0,0,0,0
544,641.294,12.933333333333334,17962884.2109,17962884.2109,17962884.2109,0,0,0,0,0,0,17046818.4531,17046818.4531,17046818.4531,0,0,0,218953395.287,12879611.4875,0,4752554.46875,4752554.46875,4752554.46875,150789869.375,150789869.375,150789869.375,0,0,0,2415125.16602,2415125.16602,2415125.16602,0,0,0,25986143.6133,25986143.6133,25986143.6133,0,0,0,0,0,0,0,0,0,0,0,0,201906576.834,15531275.1411,0,0,0,0,17046818.4531,0,0,150789869.375,17962884.2109,2415125.16602,4752554.46875,25986143.6133,0,0,0,0,0,0
1111,643.306,18.583333333333332,0,0,0,125466647.75,125466647.75,125466647.75,0,0,0,5919973.07812,5919973.07812,5919973.07812,14675116.4023,14675116.4023,14675116.4023,152310823.688,8959460.21691,0,105251.917969,105251.917969,105251.917969,1592500.29688,1592500.29688,1592500.29688,0,0,0,0,0,0,0,0,0,104086.558594,104086.558594,104086.558594,0,0,0,0,0,0,4447247.68359,4447247.68359,4447247.68359,0,0,0,146390850.609,11260834.6623,0,0,0,0,5919973.07812,4447247.68359,14675116.4023,1592500.29688,0,0,105251.917969,104086.558594,0,0,0,0,0,125466647.75
1197,643.311,19.5,78313.9003906,78313.9003906,78313.9003906,348710901.062,348710901.062,348710901.062,0,0,0,16226471.0859,16226471.0859,16226471.0859,958202.855469,958202.855469,958202.855469,369323103.82,21724888.46,92851.8574219,888284.019531,888284.019531,888284.019531,305962.90625,305962.90625,305962.90625,0,0,0,135672.460938,135672.460938,135672.460938,0,0,0,378641.855469,378641.855469,378641.855469,0,0,0,92851.8574219,92851.8574219,92851.8574219,1547801.81641,1547801.81641,1547801.81641,0,0,0,353096632.734,27161279.4411,135672.460938,0,0,0,16226471.0859,1547801.81641,958202.855469,305962.90625,78313.9003906,135672.460938,888284.019531,378641.855469,92851.8574219,0,0,0,0,348710901.062
157,647.307,16.616666666666667,198458936.875,198458936.875,198458936.875,0,0,0,0,0,0,121802143.75,121802143.75,121802143.75,3634741.33203,3634741.33203,3634741.33203,354685248.463,20863838.1449,0,14024328.4727,14024328.4727,14024328.4727,2923208.87109,2923208.87109,2923208.87109,0,0,0,6488011.65234,6488011.65234,6488011.65234,0,0,0,3576769.42383,3576769.42383,3576769.42383,0,0,0,3777108.08594,3777108.08594,3777108.08594,0,0,0,0,0,0,232883104.713,17914084.9779,2923208.87109,0,0,0,121802143.75,0,3634741.33203,2923208.87109,198458936.875,6488011.65234,14024328.4727,3576769.42383,3777108.08594,0,0,0,0,0
1163,649.321,23.483333333333334,24592.9453125,24592.9453125,24592.9453125,92970355.25,92970355.25,92970355.25,0,0,0,4087838.2793,4087838.2793,4087838.2793,91841.4492188,91841.4492188,91841.4492188,99347854.791,5843991.4583,25058.2148438,37093.671875,37093.671875,37093.671875,0,0,0,25509.9804688,25509.9804688,25509.9804688,33446.5351562,33446.5351562,33446.5351562,0,0,0,37817.6328125,37817.6328125,37817.6328125,0,0,0,0,0,0,2014300.83203,2014300.83203,2014300.83203,25058.2148438,8352.73828125,0,95234958.2969,7325766.02284,25509.9804688,0,25058.2148438,0,4087838.2793,2014300.83203,91841.4492188,0,24592.9453125,33446.5351562,37093.671875,37817.6328125,0,0,0,25509.9804688,0,92970355.25
452,649.322,15.216666666666667,63559.2910156,63559.2910156,63559.2910156,0,0,0,0,0,0,1369843.09375,1369843.09375,1369843.09375,35833478.3125,35833478.3125,35833478.3125,47949954.9707,2820585.58651,0,0,0,0,10622624.7812,10622624.7812,10622624.7812,0,0,0,32429.9179688,32429.9179688,32429.9179688,0,0,0,28019.5742188,28019.5742188,28019.5742188,0,0,0,0,0,0,0,0,0,0,0,0,46580111.877,3583085.529,0,0,0,0,1369843.09375,0,35833478.3125,10622624.7812,63559.2910156,32429.9179688,0,28019.5742188,0,0,0,0,0,0
395,651.277,16.766666666666666,0,0,0,0,0,0,0,0,0,5459553.92188,5459553.92188,5459553.92188,5235745.0625,5235745.0625,5235745.0625,49400237.1016,2905896.30009,0,69861.0859375,69861.0859375,69861.0859375,57959.5703125,57959.5703125,57959.5703125,0,0,0,0,0,0,0,0,0,22686.2109375,22686.2109375,22686.2109375,0,0,0,0,0,0,38554431.25,38554431.25,38554431.25,0,0,0,43940683.1797,3380052.55228,0,0,0,0,5459553.92188,38554431.25,5235745.0625,57959.5703125,0,0,69861.0859375,22686.2109375,0,0,0,0,0,0
514,657.265,16.4,6976955.49219,6976955.49219,6976955.49219,0,0,0,0,0,0,6219245.92969,6219245.92969,6219245.92969,0,0,0,73407965.6797,4318115.62822,0,227226.75,227226.75,227226.75,59857991.375,59857991.375,59857991.375,0,0,0,90983.9140625,90983.9140625,90983.9140625,0,0,0,0,0,0,0,0,0,0,0,0,35562.21875,35562.21875,35562.21875,0,0,0,67188719.75,5168363.05769,0,0,0,0,6219245.92969,35562.21875,0,59857991.375,6976955.49219,90983.9140625,227226.75,0,0,0,0,0,0,0
515,657.284,13.383333333333333,8975391.42188,8975391.42188,8975391.42188,0,0,0,0,0,0,7446348.29688,7446348.29688,7446348.29688,88336.9550781,88336.9550781,88336.9550781,92432754.4863,5437220.85214,0,531654.660156,531654.660156,531654.660156,75169459.75,75169459.75,75169459.75,0,0,0,221563.402344,221563.402344,221563.402344,0,0,0,0,0,0,0,0,0,0,0,0,0,0,0,0,0,0,84986406.1895,6537415.86073,0,0,0,0,7446348.29688,0,88336.9550781,75169459.75,8975391.42188,221563.402344,531654.660156,0,0,0,0,0,0,0
865,658.285,7.85,26541.9433594,26541.9433594,26541.9433594,0,0,0,0,0,0,147701.726562,147701.726562,147701.726562,0,0,0,47129548.5527,2772326.38545,0,0,0,0,0,0,0,0,0,0,0,0,0,0,0,0,46143038.25,46143038.25,46143038.25,0,0,0,812266.632812,812266.632812,812266.632812,0,0,0,0,0,0,46981846.8262,3613988.2174,0,0,0,0,147701.726562,0,0,0,26541.9433594,0,0,46143038.25,812266.632812,0,0,0,0,0
272,659.307,13.966666666666667,1507873.96875,1507873.96875,1507873.96875,0,0,0,0,0,0,10480283.0703,10480283.0703,10480283.0703,129572917.75,129572917.75,129572917.75,318458908.066,18732876.9451,0,923622.667969,923622.667969,923622.667969,175009668,175009668,175009668,0,0,0,635995.082031,635995.082031,635995.082031,0,0,0,212337.195312,212337.195312,212337.195312,0,0,0,116210.332031,116210.332031,116210.332031,0,0,0,0,0,0,307978624.996,23690663.4612,116210.332031,0,0,0,10480283.0703,0,129572917.75,175009668,1507873.96875,635995.082031,923622.667969,212337.195312,116210.332031,0,0,0,0,0
852,661.282,7.25,0,0,0,0,0,0,0,0,0,6384759.82031,6384759.82031,6384759.82031,34155.2851562,34155.2851562,34155.2851562,223924491.121,13172028.8895,0,10340671.3984,10340671.3984,10340671.3984,0,0,0,0,0,0,98985.234375,98985.234375,98985.234375,0,0,0,205561191.125,205561191.125,205561191.125,0,0,0,1504728.25781,1504728.25781,1504728.25781,0,0,0,0,0,0,217539731.301,16733825.4847,0,0,0,0,6384759.82031,0,34155.2851562,0,0,98985.234375,10340671.3984,205561191.125,1504728.25781,0,0,0,0,0
163,661.287,15.75,477069742.75,477069742.75,477069742.75,0,0,0,0,0,0,282244811.875,282244811.875,282244811.875,5886562.89453,5886562.89453,5886562.89453,813114977.625,47830292.8015,26916.4121094,22737587.0781,22737587.0781,22737587.0781,222522.294922,222522.294922,222522.294922,0,0,0,16017686.7754,16017686.7754,16017686.7754,0,0,0,7050407.27539,7050407.27539,7050407.27539,0,0,0,1858740.26953,1858740.26953,1858740.26953,0,0,0,26916.4121094,8972.13736979,0,530843249.338,40834096.1029,222522.294922,0,26916.4121094,0,282244811.875,0,5886562.89453,222522.294922,477069742.75,16017686.7754,22737587.0781,7050407.27539,1858740.26953,0,0,0,0,0
504,661.301,18,0,0,0,0,0,0,0,0,0,826491.761719,826491.761719,826491.761719,30468963.875,30468963.875,30468963.875,32473450.3047,1910202.9591,0,0,0,0,1086053.60938,1086053.60938,1086053.60938,0,0,0,0,0,0,0,0,0,0,0,0,0,0,0,0,0,0,91941.0585938,91941.0585938,91941.0585938,0,0,0,31646958.543,2434381.42638,0,0,0,0,826491.761719,91941.0585938,30468963.875,1086053.60938,0,0,0,0,0,0,0,0,0,0
655,663.297,11.866666666666667,23222604.4062,23222604.4062,23222604.4062,0,0,0,0,0,0,14753764.1973,14753764.1973,14753764.1973,167982.363281,167982.363281,167982.363281,201675695.025,11863276.178,0,4193865.9375,4193865.9375,4193865.9375,0,0,0,0,0,0,158046752.625,158046752.625,158046752.625,0,0,0,946230.859375,946230.859375,946230.859375,0,0,0,344494.636719,344494.636719,344494.636719,0,0,0,0,0,0,186921930.828,14378610.0637,0,0,0,0,14753764.1973,0,167982.363281,0,23222604.4062,158046752.625,4193865.9375,946230.859375,344494.636719,0,0,0,0,0
120,664.312,10.783333333333333,0,0,0,0,0,0,0,0,0,12080876.5938,12080876.5938,12080876.5938,0,0,0,665030466.195,39119439.188,0,329215939.875,329215939.875,329215939.875,0,0,0,0,0,0,140448687.125,140448687.125,140448687.125,0,0,0,182721366.5,182721366.5,182721366.5,0,0,0,563596.101562,563596.101562,563596.101562,0,0,0,0,0,0,652949589.602,50226891.5078,0,0,0,0,12080876.5938,0,0,0,0,140448687.125,329215939.875,182721366.5,563596.101562,0,0,0,0,0
732,664.312,10.216666666666667,0,0,0,0,0,0,0,0,0,6175746.91406,6175746.91406,6175746.91406,0,0,0,355935149.434,20937361.7314,0,198521157.625,198521157.625,198521157.625,32482.1074219,32482.1074219,32482.1074219,0,0,0,0,0,0,0,0,0,149638518.594,149638518.594,149638518.594,0,0,0,1567244.19336,1567244.19336,1567244.19336,0,0,0,0,0,0,349759402.52,26904569.4246,0,0,0,0,6175746.91406,0,0,32482.1074219,0,0,198521157.625,149638518.594,1567244.19336,0,0,0,0,0
276,665.29,15.1,368593.345703,368593.345703,368593.345703,0,0,0,0,0,0,1866195.50391,1866195.50391,1866195.50391,39507658.375,39507658.375,39507658.375,82757134.0332,4868066.70784,0,0,0,0,40874299.4375,40874299.4375,40874299.4375,0,0,0,140387.371094,140387.371094,140387.371094,0,0,0,0,0,0,0,0,0,0,0,0,0,0,0,0,0,0,80890938.5293,6222379.88687,0,0,0,0,1866195.50391,0,39507658.375,40874299.4375,368593.345703,140387.371094,0,0,0,0,0,0,0,0
1109,665.29,18.25,0,0,0,107486677.812,107486677.812,107486677.812,0,0,0,12879982.9844,12879982.9844,12879982.9844,1559347.25,1559347.25,1559347.25,171382051.199,10081297.1294,22233.4863281,737469.587891,737469.587891,737469.587891,1843068.02539,1843068.02539,1843068.02539,0,0,0,188771.416016,188771.416016,188771.416016,0,0,0,169714.949219,169714.949219,169714.949219,0,0,0,0,0,0,46494785.6875,46494785.6875,46494785.6875,22233.4863281,7411.16210938,0,158479834.729,12190756.5176,169714.949219,22233.4863281,0,0,12879982.9844,46494785.6875,1559347.25,1843068.02539,0,188771.416016,737469.587891,169714.949219,0,0,0,0,0,107486677.812
21,665.291,19.6,1878543.21094,1878543.21094,1878543.21094,2101544037.5,2101544037.5,2101544037.5,0,0,0,402567057,402567057,402567057,298815707.75,298815707.75,298815707.75,2900220642.04,170601214.238,965033.472656,39002210.375,39002210.375,39002210.375,6197180,6197180,6197180,0,0,0,5527277.87109,5527277.87109,5527277.87109,0,0,0,42977149,42977149,42977149,0,0,0,965033.472656,965033.472656,965033.472656,746445.859375,746445.859375,746445.859375,0,0,0,2497653585.04,192127198.849,1878543.21094,0,0,0,402567057,746445.859375,298815707.75,6197180,1878543.21094,5527277.87109,39002210.375,42977149,965033.472656,0,0,0,0,2101544037.5
365,666.296,19.85,4017124.28906,4017124.28906,4017124.28906,459430214,459430214,459430214,0,0,0,155164674.125,155164674.125,155164674.125,9056621.48438,9056621.48438,9056621.48438,672226037.953,39542708.1149,4017124.28906,8297186.83594,8297186.83594,8297186.83594,6653665.03516,6653665.03516,6653665.03516,0,0,0,6660091.82031,6660091.82031,6660091.82031,64614.9960938,64614.9960938,64614.9960938,918188.21875,918188.21875,918188.21875,0,0,0,8379932.74219,8379932.74219,8379932.74219,13583724.4062,13583724.4062,13583724.4062,0,0,0,517061363.828,39773951.0637,6653665.03516,0,0,0,155164674.125,13583724.4062,9056621.48438,6653665.03516,4017124.28906,6660091.82031,8297186.83594,918188.21875,8379932.74219,64614.9960938,0,0,0,459430214
4,667.311,19.4,14815990.1406,14815990.1406,14815990.1406,45483335.125,45483335.125,45483335.125,0,0,0,1037620093.88,1037620093.88,1037620093.88,117511886.781,117511886.781,117511886.781,5524801935.4,324988349.141,25975039.0137,86852262.75,86852262.75,86852262.75,38895703.125,38895703.125,38895703.125,0,0,0,36748165.5,36748165.5,36748165.5,268900.462891,268900.462891,268900.462891,81955401.875,81955401.875,81955401.875,0,0,0,25975039.0137,25975039.0137,25975039.0137,4038675156.75,4038675156.75,4038675156.75,0,0,0,4487181841.52,345167833.963,36748165.5,0,0,0,1037620093.88,4038675156.75,117511886.781,38895703.125,14815990.1406,36748165.5,86852262.75,81955401.875,25975039.0137,268900.462891,0,0,0,45483335.125
558,667.311,18.1,549617.091797,549617.091797,549617.091797,0,0,0,0,0,0,2670976.99609,2670976.99609,2670976.99609,111267.832031,111267.832031,111267.832031,77877417.6016,4581024.5648,0,31574.453125,31574.453125,31574.453125,74434292.8125,74434292.8125,74434292.8125,0,0,0,58082.3808594,58082.3808594,58082.3808594,0,0,0,0,0,0,0,0,0,0,0,0,21606.0351562,21606.0351562,21606.0351562,0,0,0,75206440.6055,5785110.81581,0,0,0,0,2670976.99609,21606.0351562,111267.832031,74434292.8125,549617.091797,58082.3808594,31574.453125,0,0,0,0,0,0,0
238,667.311,20.65,346999.714844,346999.714844,346999.714844,137797666.125,137797666.125,137797666.125,0,0,0,33923145.7031,33923145.7031,33923145.7031,2174667.82031,2174667.82031,2174667.82031,323044719.186,19002630.5403,417389.601562,1777000.51953,1777000.51953,1777000.51953,1861598.76172,1861598.76172,1861598.76172,0,0,0,627038.849609,627038.849609,627038.849609,0,0,0,467506.589844,467506.589844,467506.589844,0,0,0,417389.601562,417389.601562,417389.601562,143651705.5,143651705.5,143651705.5,0,0,0,289121573.482,22240121.0371,467506.589844,0,0,0,33923145.7031,143651705.5,2174667.82031,1861598.76172,346999.714844,627038.849609,1777000.51953,467506.589844,417389.601562,0,0,0,0,137797666.125
154,669.289,11.616666666666667,111675893.125,111675893.125,111675893.125,0,0,0,0,0,0,56035300,56035300,56035300,1414454.45312,1414454.45312,1414454.45312,178556478.561,10503322.2683,0,4929949.12109,4929949.12109,4929949.12109,0,0,0,0,0,0,2753337.57227,2753337.57227,2753337.57227,0,0,0,1602567.40625,1602567.40625,1602567.40625,0,0,0,144976.882812,144976.882812,144976.882812,0,0,0,0,0,0,122521178.561,9424706.04312,0,0,0,0,56035300,0,1414454.45312,0,111675893.125,2753337.57227,4929949.12109,1602567.40625,144976.882812,0,0,0,0,0
443,671.322,22.083333333333332,203518.587891,203518.587891,203518.587891,3255545.67773,3255545.67773,3255545.67773,0,0,0,6794204.94531,6794204.94531,6794204.94531,129835439.188,129835439.188,129835439.188,156875089.615,9227946.44795,28454.390625,433920.884766,433920.884766,433920.884766,16246098.2266,16246098.2266,16246098.2266,0,0,0,44845.2265625,44845.2265625,44845.2265625,0,0,0,33062.4882812,33062.4882812,33062.4882812,0,0,0,28454.390625,28454.390625,28454.390625,0,0,0,0,0,0,150080884.67,11544683.4361,33062.4882812,0,0,0,6794204.94531,0,129835439.188,16246098.2266,203518.587891,44845.2265625,433920.884766,33062.4882812,28454.390625,0,0,0,0,3255545.67773
1184,671.322,23.85,0,0,0,47320052.75,47320052.75,47320052.75,0,0,0,2567031.32812,2567031.32812,2567031.32812,4042496.25781,4042496.25781,4042496.25781,54395225.6699,3199719.15705,0,0,0,0,308915.398438,308915.398438,308915.398438,0,0,0,0,0,0,0,0,0,0,0,0,0,0,0,0,0,0,156729.935547,156729.935547,156729.935547,0,0,0,51828194.3418,3986784.18014,0,0,0,0,2567031.32812,156729.935547,4042496.25781,308915.398438,0,0,0,0,0,0,0,0,0,47320052.75
645,673.285,10.383333333333333,0,0,0,0,0,0,0,0,0,1878545.5,1878545.5,1878545.5,0,0,0,59838968.7773,3519939.33984,0,1385844.63281,1385844.63281,1385844.63281,0,0,0,0,0,0,56296779.75,56296779.75,56296779.75,0,0,0,277798.894531,277798.894531,277798.894531,0,0,0,0,0,0,0,0,0,0,0,0,57960423.2773,4458494.09826,0,0,0,0,1878545.5,0,0,0,0,56296779.75,1385844.63281,277798.894531,0,0,0,0,0,0
339,675.263,7.666666666666667,0,0,0,0,0,0,0,0,0,1407414.69922,1407414.69922,1407414.69922,0,0,0,103285440.869,6075614.16877,0,61796266.625,61796266.625,61796266.625,0,0,0,0,0,0,611716.632812,611716.632812,611716.632812,0,0,0,39245992.25,39245992.25,39245992.25,0,0,0,224050.662109,224050.662109,224050.662109,0,0,0,0,0,0,101878026.17,7836771.24384,0,0,0,0,1407414.69922,0,0,0,0,611716.632812,61796266.625,39245992.25,224050.662109,0,0,0,0,0
448,675.296,14.633333333333333,0,0,0,0,0,0,0,0,0,478321.242188,478321.242188,478321.242188,50671078,50671078,50671078,54025742.75,3177984.86765,0,0,0,0,2487390.51562,2487390.51562,2487390.51562,0,0,0,257790.660156,257790.660156,257790.660156,0,0,0,0,0,0,0,0,0,0,0,0,131162.332031,131162.332031,131162.332031,0,0,0,53547421.5078,4119032.42368,0,0,0,0,478321.242188,131162.332031,50671078,2487390.51562,0,257790.660156,0,0,0,0,0,0,0,0
215,677.281,9.7,1408046.37891,1408046.37891,1408046.37891,0,0,0,0,0,0,54731371.625,54731371.625,54731371.625,0,0,0,1034817754.38,60871632.6108,0,22537672.5234,22537672.5234,22537672.5234,0,0,0,0,0,0,948798032,948798032,948798032,0,0,0,5639205.07031,5639205.07031,5639205.07031,0,0,0,1703426.78516,1703426.78516,1703426.78516,0,0,0,0,0,0,980086382.758,75391260.2121,0,0,0,0,54731371.625,0,0,0,1408046.37891,948798032,22537672.5234,5639205.07031,1703426.78516,0,0,0,0,0
588,677.35,18.116666666666667,307678.886719,307678.886719,307678.886719,0,0,0,0,0,0,3142604.95703,3142604.95703,3142604.95703,13497613.1562,13497613.1562,13497613.1562,85811573.3418,5047739.60834,0,69044.2773438,69044.2773438,69044.2773438,68770300.3125,68770300.3125,68770300.3125,0,0,0,24331.7519531,24331.7519531,24331.7519531,0,0,0,0,0,0,0,0,0,0,0,0,0,0,0,0,0,0,82668968.3848,6359151.41421,0,0,0,0,3142604.95703,0,13497613.1562,68770300.3125,307678.886719,24331.7519531,69044.2773438,0,0,0,0,0,0,0
821,678.289,12.016666666666667,0,0,0,0,0,0,0,0,0,3357008.21875,3357008.21875,3357008.21875,0,0,0,362992823.234,21352519.0138,0,0,0,0,35661.2109375,35661.2109375,35661.2109375,0,0,0,1375751.92188,1375751.92188,1375751.92188,0,0,0,355883489.625,355883489.625,355883489.625,0,0,0,2340912.25781,2340912.25781,2340912.25781,0,0,0,0,0,0,359635815.016,27664293.4627,0,0,0,0,3357008.21875,0,0,35661.2109375,0,1375751.92188,0,355883489.625,2340912.25781,0,0,0,0,0
330,678.29,13.083333333333334,0,0,0,0,0,0,0,0,0,3197444.09766,3197444.09766,3197444.09766,0,0,0,331401326.74,19494195.6906,0,76121911.875,76121911.875,76121911.875,22772.0664062,22772.0664062,22772.0664062,0,0,0,687664.697266,687664.697266,687664.697266,0,0,0,249743953.125,249743953.125,249743953.125,0,0,0,1627580.87891,1627580.87891,1627580.87891,0,0,0,0,0,0,328203882.643,25246452.511,0,0,0,0,3197444.09766,0,0,22772.0664062,0,687664.697266,76121911.875,249743953.125,1627580.87891,0,0,0,0,0
191,679.272,14.933333333333334,30499951.1406,30499951.1406,30499951.1406,0,0,0,0,0,0,155120477.125,155120477.125,155120477.125,12244054.0859,12244054.0859,12244054.0859,1081134361.4,63596138.9058,130897.597656,14447451.8281,14447451.8281,14447451.8281,849313113.75,849313113.75,849313113.75,0,0,0,11225740.6406,11225740.6406,11225740.6406,0,0,0,3717823.28906,3717823.28906,3717823.28906,0,0,0,4434851.94141,4434851.94141,4434851.94141,130897.597656,130897.597656,130897.597656,0,0,0,926013884.273,71231837.2518,3717823.28906,0,0,0,155120477.125,130897.597656,12244054.0859,849313113.75,30499951.1406,11225740.6406,14447451.8281,3717823.28906,4434851.94141,0,0,0,0,0
25,679.296,12.2,68087512.25,68087512.25,68087512.25,0,0,0,0,0,0,118164862.812,118164862.812,118164862.812,963175.201172,963175.201172,963175.201172,1445175979.86,85010351.7563,0,367898074.562,367898074.562,367898074.562,37559.546875,37559.546875,37559.546875,0,0,0,762732308.25,762732308.25,762732308.25,0,0,0,117229281.453,117229281.453,117229281.453,0,0,0,10063205.7812,10063205.7812,10063205.7812,0,0,0,0,0,0,1327011117.04,102077778.234,37559.546875,0,0,0,118164862.812,0,963175.201172,37559.546875,68087512.25,762732308.25,367898074.562,117229281.453,10063205.7812,0,0,0,0,0
1135,679.305,22.433333333333334,124074.554688,124074.554688,124074.554688,560044209.125,560044209.125,560044209.125,51015842.9375,51015842.9375,51015842.9375,37421175.5469,37421175.5469,37421175.5469,2157610.63672,2157610.63672,2157610.63672,667442048.736,39261296.9845,810886.761719,2601262.17969,2601262.17969,2601262.17969,1224076.63672,1224076.63672,1224076.63672,0,0,0,578173.503906,578173.503906,578173.503906,0,0,0,8191180.61328,8191180.61328,8191180.61328,0,0,0,810886.761719,810886.761719,810886.761719,3273556.24023,3273556.24023,3273556.24023,0,0,0,630020873.189,48463144.0915,1224076.63672,0,0,0,37421175.5469,3273556.24023,2157610.63672,1224076.63672,124074.554688,578173.503906,2601262.17969,8191180.61328,810886.761719,0,0,0,51015842.9375,560044209.125
535,679.312,14.35,111909.382812,111909.382812,111909.382812,0,0,0,29269.3574219,29269.3574219,29269.3574219,2083461.05859,2083461.05859,2083461.05859,380466.335938,380466.335938,380466.335938,67171798.2598,3951282.25057,0,0,0,0,64566692.125,64566692.125,64566692.125,0,0,0,0,0,0,0,0,0,0,0,0,0,0,0,0,0,0,0,0,0,0,0,0,65088337.2012,5006795.16932,0,0,0,0,2083461.05859,0,380466.335938,64566692.125,111909.382812,0,0,0,0,0,0,0,29269.3574219,0
824,680.303,11.2,0,0,0,0,0,0,0,0,0,3089102.78516,3089102.78516,3089102.78516,0,0,0,303879349.385,17875255.8462,0,1631612.92773,1631612.92773,1631612.92773,0,0,0,0,0,0,5098923.53516,5098923.53516,5098923.53516,0,0,0,286692445.25,286692445.25,286692445.25,0,0,0,7367264.88672,7367264.88672,7367264.88672,0,0,0,0,0,0,300790246.6,23137711.2769,0,0,0,0,3089102.78516,0,0,0,0,5098923.53516,1631612.92773,286692445.25,7367264.88672,0,0,0,0,0
838,680.303,10.35,0,0,0,0,0,0,0,0,0,369967.527344,369967.527344,369967.527344,0,0,0,120810759.178,7106515.24575,0,2369307.71875,2369307.71875,2369307.71875,22188.6054688,22188.6054688,22188.6054688,0,0,0,0,0,0,0,0,0,117200552.5,117200552.5,117200552.5,0,0,0,821322.3125,821322.3125,821322.3125,0,0,0,27420.5136719,9140.17122396,0,120413371.137,9262567.01052,0,0,27420.5136719,0,369967.527344,0,0,22188.6054688,0,0,2369307.71875,117200552.5,821322.3125,0,0,0,0,0
346,680.303,7.716666666666667,0,0,0,0,0,0,0,0,0,10392273.0586,10392273.0586,10392273.0586,52895.3203125,52895.3203125,52895.3203125,425742307.039,25043665.1199,0,71333.6601562,71333.6601562,71333.6601562,0,0,0,0,0,0,0,0,0,0,0,0,322493053.875,322493053.875,322493053.875,0,0,0,92732751.125,92732751.125,92732751.125,0,0,0,0,0,0,415350033.98,31950002.6139,0,0,0,0,10392273.0586,0,52895.3203125,0,0,0,71333.6601562,322493053.875,92732751.125,0,0,0,0,0
984,680.303,6.583333333333333,0,0,0,0,0,0,0,0,0,3631352.03906,3631352.03906,3631352.03906,0,0,0,142769245.873,8398190.93371,0,0,0,0,0,0,0,0,0,0,0,0,0,0,0,0,421953.333984,421953.333984,421953.333984,0,0,0,138715940.5,138715940.5,138715940.5,0,0,0,0,0,0,139137893.834,10702914.9103,0,0,0,0,3631352.03906,0,0,0,0,0,0,421953.333984,138715940.5,0,0,0,0,0
214,681.29,9.3,91034580.5,91034580.5,91034580.5,0,0,0,0,0,0,46637784.875,46637784.875,46637784.875,1601139.38086,1601139.38086,1601139.38086,158884472.4,9346145.43532,0,0,0,0,90518.0859375,90518.0859375,90518.0859375,0,0,0,6240901.80469,6240901.80469,6240901.80469,0,0,0,11502090.5938,11502090.5938,11502090.5938,0,0,0,1777457.16016,1777457.16016,1777457.16016,0,0,0,0,0,0,112246687.525,8634360.57888,0,0,0,0,46637784.875,0,1601139.38086,90518.0859375,91034580.5,6240901.80469,0,11502090.5938,1777457.16016,0,0,0,0,0
106,681.29,12.366666666666667,461160257.375,461160257.375,461160257.375,32270.5820312,32270.5820312,32270.5820312,34517.1367188,34517.1367188,34517.1367188,307102457.5,307102457.5,307102457.5,13925434.0859,13925434.0859,13925434.0859,1215055750.04,71473867.6495,173330.525391,22985670.4258,22985670.4258,22985670.4258,381460601.875,381460601.875,381460601.875,0,0,0,5895178.66797,5895178.66797,5895178.66797,173330.525391,173330.525391,173330.525391,16902652.1719,16902652.1719,16902652.1719,27935.0585938,27935.0585938,27935.0585938,5313529.90234,5313529.90234,5313529.90234,41914.734375,41914.734375,41914.734375,0,0,0,907953292.541,69842560.9647,5313529.90234,0,0,0,307102457.5,41914.734375,13925434.0859,381460601.875,461160257.375,5895178.66797,22985670.4258,16902652.1719,5313529.90234,173330.525391,27935.0585938,0,34517.1367188,32270.5820312
48,681.29,17.933333333333334,39475971.9453,39475971.9453,39475971.9453,0,0,0,0,0,0,38989858.5,38989858.5,38989858.5,365670.349609,365670.349609,365670.349609,477381377.4,28081257.4941,0,98055912,98055912,98055912,2409774.83203,2409774.83203,2409774.83203,0,0,0,289876108.25,289876108.25,289876108.25,0,0,0,7531138.24805,7531138.24805,7531138.24805,0,0,0,676943.275391,676943.275391,676943.275391,0,0,0,0,0,0,438391518.9,33722424.5308,365670.349609,0,0,0,38989858.5,0,365670.349609,2409774.83203,39475971.9453,289876108.25,98055912,7531138.24805,676943.275391,0,0,0,0,0
267,681.29,13.983333333333333,3183026.60156,3183026.60156,3183026.60156,0,0,0,0,0,0,14694451.4766,14694451.4766,14694451.4766,295985232.125,295985232.125,295985232.125,591201125.498,34776536.794,0,2320412.41797,2320412.41797,2320412.41797,271837122,271837122,271837122,0,0,0,1472476.51367,1472476.51367,1472476.51367,0,0,0,1296229.66406,1296229.66406,1296229.66406,0,0,0,412174.699219,412174.699219,412174.699219,0,0,0,0,0,0,576506674.021,44346667.2324,412174.699219,0,0,0,14694451.4766,0,295985232.125,271837122,3183026.60156,1472476.51367,2320412.41797,1296229.66406,412174.699219,0,0,0,0,0
348,681.31,7.7,0,0,0,0,0,0,0,0,0,3122687.03906,3122687.03906,3122687.03906,0,0,0,166513664.266,9794921.42739,0,159404.851562,159404.851562,159404.851562,0,0,0,0,0,0,0,0,0,0,0,0,128426389.875,128426389.875,128426389.875,0,0,0,34805182.5,34805182.5,34805182.5,0,0,0,0,0,0,163390977.227,12568536.7097,0,0,0,0,3122687.03906,0,0,0,0,0,159404.851562,128426389.875,34805182.5,0,0,0,0,0
361,683.283,23.333333333333332,0,0,0,44074120.9375,44074120.9375,44074120.9375,43101736.25,43101736.25,43101736.25,2968458.72656,2968458.72656,2968458.72656,0,0,0,90510132.5488,5324125.44405,0,214187.832031,214187.832031,214187.832031,0,0,0,0,0,0,125845.369141,125845.369141,125845.369141,0,0,0,0,0,0,0,0,0,0,0,0,25783.4335938,25783.4335938,25783.4335938,0,0,0,87541673.8223,6733974.90941,0,0,0,0,2968458.72656,25783.4335938,0,0,0,125845.369141,214187.832031,0,0,0,0,0,43101736.25,44074120.9375
3,683.303,13.716666666666667,7590177574.88,7590177574.88,7590177574.88,37869.6992188,37869.6992188,37869.6992188,2648959.19922,2648959.19922,2648959.19922,4815906684.12,4815906684.12,4815906684.12,144615740,144615740,144615740,14750594948.1,867682055.771,4314046.11719,661814414.75,661814414.75,661814414.75,505035579.375,505035579.375,505035579.375,274655.873047,274655.873047,274655.873047,356136953.625,356136953.625,356136953.625,4314046.11719,4314046.11719,4314046.11719,540810178.5,540810178.5,540810178.5,950645.296875,950645.296875,950645.296875,125425685.5,125425685.5,125425685.5,1390378.83594,1390378.83594,1390378.83594,1055582.32812,351860.776042,259640.636719,9933632681.65,764125590.896,125425685.5,224882.566406,571059.125,259640.636719,4815906684.12,1390378.83594,144615740,505035579.375,7590177574.88,356136953.625,661814414.75,540810178.5,125425685.5,4314046.11719,950645.296875,274655.873047,2648959.19922,37869.6992188
49,683.303,16.15,83697434.375,83697434.375,83697434.375,0,0,0,0,0,0,118958564.125,118958564.125,118958564.125,1046673.80078,1046673.80078,1046673.80078,2032981192.8,119587128.988,0,13711797.1719,13711797.1719,13711797.1719,1798577182.94,1798577182.94,1798577182.94,0,0,0,11935428.375,11935428.375,11935428.375,0,0,0,2196236.12891,2196236.12891,2196236.12891,0,0,0,2857875.88281,2857875.88281,2857875.88281,0,0,0,0,0,0,1914022628.67,147232509.898,1046673.80078,0,0,0,118958564.125,0,1046673.80078,1798577182.94,83697434.375,11935428.375,13711797.1719,2196236.12891,2857875.88281,0,0,0,0,0
124,683.303,13.1,21956750.1406,21956750.1406,21956750.1406,0,0,0,0,0,0,16398282.2617,16398282.2617,16398282.2617,1013334.70312,1013334.70312,1013334.70312,388306222.691,22841542.5113,0,51878930.875,51878930.875,51878930.875,21870035.2656,21870035.2656,21870035.2656,0,0,0,78740213.3125,78740213.3125,78740213.3125,0,0,0,195691016.75,195691016.75,195691016.75,0,0,0,757659.382812,757659.382812,757659.382812,0,0,0,0,0,0,371907940.43,28608303.11,757659.382812,0,0,0,16398282.2617,0,1013334.70312,21870035.2656,21956750.1406,78740213.3125,51878930.875,195691016.75,757659.382812,0,0,0,0,0
5,684.31,13.716666666666667,3112193464.25,3112193464.25,3112193464.25,0,0,0,861750.039062,861750.039062,861750.039062,1975640770.38,1975640770.38,1975640770.38,59168068.0625,59168068.0625,59168068.0625,6027820984.21,354577704.954,1492538.68555,268050630.125,268050630.125,268050630.125,204389532.75,204389532.75,204389532.75,100581.294922,100581.294922,100581.294922,140704172.625,140704172.625,140704172.625,1492538.68555,1492538.68555,1492538.68555,218440942.188,218440942.188,218440942.188,166479.857422,166479.857422,166479.857422,46055345.5,46055345.5,46055345.5,368967.671875,368967.671875,368967.671875,187740.791016,62580.2636719,29608.7363281,4051992473.05,311691728.696,46055345.5,29608.7363281,133156.726562,24975.328125,1975640770.38,368967.671875,59168068.0625,204389532.75,3112193464.25,140704172.625,268050630.125,218440942.188,46055345.5,1492538.68555,166479.857422,100581.294922,861750.039062,0
169,685.319,18.3,292577.527344,292577.527344,292577.527344,0,0,0,0,0,0,41583864.625,41583864.625,41583864.625,8978348.13672,8978348.13672,8978348.13672,268800739.818,15811808.2246,292577.527344,1733414.73828,1733414.73828,1733414.73828,4029549.51953,4029549.51953,4029549.51953,0,0,0,999896.398438,999896.398438,999896.398438,0,0,0,398427.335938,398427.335938,398427.335938,0,0,0,487455.537109,487455.537109,487455.537109,210297206,210297206,210297206,0,0,0,227216875.193,17478221.1687,398427.335938,0,0,0,41583864.625,210297206,8978348.13672,4029549.51953,292577.527344,999896.398438,1733414.73828,398427.335938,487455.537109,0,0,0,0,0
43,688.332,9.816666666666666,0,0,0,0,0,0,0,0,0,10164926.8789,10164926.8789,10164926.8789,0,0,0,676564465.379,39797909.7282,0,53475130,53475130,53475130,0,0,0,0,0,0,83108978.375,83108978.375,83108978.375,0,0,0,415201556.75,415201556.75,415201556.75,0,0,0,114613873.375,114613873.375,114613873.375,0,0,0,0,0,0,666399538.5,51261502.9615,0,0,0,0,10164926.8789,0,0,0,0,83108978.375,53475130,415201556.75,114613873.375,0,0,0,0,0
887,688.332,8.366666666666667,0,0,0,0,0,0,0,0,0,241890.65625,241890.65625,241890.65625,0,0,0,70096051.5391,4123297.14936,0,0,0,0,0,0,0,0,0,0,0,0,0,0,0,0,65448710.5,65448710.5,65448710.5,0,0,0,4405450.38281,4405450.38281,4405450.38281,0,0,0,0,0,0,69854160.8828,5373396.99099,0,0,0,0,241890.65625,0,0,0,0,0,0,65448710.5,4405450.38281,0,0,0,0,0
803,688.332,12.716666666666667,0,0,0,0,0,0,0,0,0,1602020.78906,1602020.78906,1602020.78906,0,0,0,146852114.152,8638359.65602,0,128918403.5,128918403.5,128918403.5,0,0,0,0,0,0,7286550.75195,7286550.75195,7286550.75195,0,0,0,2312798.2793,2312798.2793,2312798.2793,0,0,0,6709469.41797,6709469.41797,6709469.41797,22871.4140625,22871.4140625,22871.4140625,0,0,0,145250093.363,11173084.1049,0,0,0,0,1602020.78906,22871.4140625,0,0,0,7286550.75195,128918403.5,2312798.2793,6709469.41797,0,0,0,0,0
350,688.332,7.083333333333333,0,0,0,0,0,0,0,0,0,7097038.05859,7097038.05859,7097038.05859,25394.4453125,25394.4453125,25394.4453125,231624088.504,13624946.3826,0,0,0,0,0,0,0,0,0,0,0,0,0,0,0,0,34974158.375,34974158.375,34974158.375,0,0,0,189527497.625,189527497.625,189527497.625,0,0,0,0,0,0,224527050.445,17271311.5727,0,0,0,0,7097038.05859,0,25394.4453125,0,0,0,0,34974158.375,189527497.625,0,0,0,0,0
284,689.316,14.916666666666666,36445812.4375,36445812.4375,36445812.4375,0,0,0,0,0,0,3576187.45312,3576187.45312,3576187.45312,65181686.375,65181686.375,65181686.375,105203686.266,6188452.13327,0,0,0,0,0,0,0,0,0,0,0,0,0,0,0,0,0,0,0,0,0,0,0,0,0,0,0,0,0,0,0,101627498.812,7817499.90865,0,0,0,0,3576187.45312,0,65181686.375,0,36445812.4375,0,0,0,0,0,0,0,0,0
149,689.316,20.5,20018716.3594,20018716.3594,20018716.3594,0,0,0,0,0,0,91529028.125,91529028.125,91529028.125,3765548.16797,3765548.16797,3765548.16797,1712638653.16,100743450.186,0,8733844.83984,8733844.83984,8733844.83984,1577721401.25,1577721401.25,1577721401.25,0,0,0,6676482.11719,6676482.11719,6676482.11719,0,0,0,1862097.63672,1862097.63672,1862097.63672,0,0,0,2331534.66406,2331534.66406,2331534.66406,0,0,0,0,0,0,1621109625.04,124700740.387,1862097.63672,0,0,0,91529028.125,0,3765548.16797,1577721401.25,20018716.3594,6676482.11719,8733844.83984,1862097.63672,2331534.66406,0,0,0,0,0
390,689.316,17.4,527561.951172,527561.951172,527561.951172,45632157.957,45632157.957,45632157.957,0,0,0,52193569.5156,52193569.5156,52193569.5156,5510289.33594,5510289.33594,5510289.33594,423708997.219,24924058.6599,527561.951172,770596.203125,770596.203125,770596.203125,3779137.05469,3779137.05469,3779137.05469,0,0,0,198004.892578,198004.892578,198004.892578,0,0,0,1411706.37891,1411706.37891,1411706.37891,0,0,0,950128.929688,950128.929688,950128.929688,312735845,312735845,312735845,0,0,0,371515427.703,28578109.8233,770596.203125,0,0,0,52193569.5156,312735845,5510289.33594,3779137.05469,527561.951172,198004.892578,770596.203125,1411706.37891,950128.929688,0,0,0,0,45632157.957
57,689.316,16.85,60930.7929688,60930.7929688,60930.7929688,0,0,0,0,0,0,44699261.625,44699261.625,44699261.625,58002500,58002500,58002500,114135353.014,6713844.29492,0,25648.1660156,25648.1660156,25648.1660156,632220.640625,632220.640625,632220.640625,0,0,0,0,0,0,0,0,0,582975.539062,582975.539062,582975.539062,0,0,0,0,0,0,10131816.25,10131816.25,10131816.25,0,0,0,69436091.3887,5341237.79913,0,0,0,0,44699261.625,10131816.25,58002500,632220.640625,60930.7929688,0,25648.1660156,582975.539062,0,0,0,0,0,0
437,691.269,16.683333333333334,60304.0195312,60304.0195312,60304.0195312,0,0,0,0,0,0,3685471.67188,3685471.67188,3685471.67188,93549582.3125,93549582.3125,93549582.3125,102256647.877,6015096.93394,0,118298.789062,118298.789062,118298.789062,4810979.07812,4810979.07812,4810979.07812,0,0,0,0,0,0,0,0,0,0,0,0,0,0,0,0,0,0,32012.0058594,32012.0058594,32012.0058594,0,0,0,98571176.2051,7582398.16962,0,0,0,0,3685471.67188,32012.0058594,93549582.3125,4810979.07812,60304.0195312,0,118298.789062,0,0,0,0,0,0,0
79,691.331,17.333333333333332,3579544.07812,3579544.07812,3579544.07812,457303.507812,457303.507812,457303.507812,0,0,0,39331213.125,39331213.125,39331213.125,953949769,953949769,953949769,1124398274.51,66141074.971,402667.671875,1849196.86719,1849196.86719,1849196.86719,122482099.5,122482099.5,122482099.5,0,0,0,1784429.61719,1784429.61719,1784429.61719,0,0,0,402667.671875,402667.671875,402667.671875,0,0,0,562051.140625,562051.140625,562051.140625,0,0,0,0,0,0,1085067061.38,83466697.0294,457303.507812,0,0,0,39331213.125,0,953949769,122482099.5,3579544.07812,1784429.61719,1849196.86719,402667.671875,562051.140625,0,0,0,0,457303.507812
105,693.285,17.283333333333335,2409950.30469,2409950.30469,2409950.30469,0,0,0,0,0,0,66681395.875,66681395.875,66681395.875,236579796.25,236579796.25,236579796.25,560322613.91,32960153.7594,974364.003906,2806759.20312,2806759.20312,2806759.20312,12619391.9141,12619391.9141,12619391.9141,0,0,0,2177503.23438,2177503.23438,2177503.23438,0,0,0,974364.003906,974364.003906,974364.003906,0,0,0,1469070.875,1469070.875,1469070.875,234604382.25,234604382.25,234604382.25,0,0,0,493641218.035,37972401.3873,1469070.875,0,0,0,66681395.875,234604382.25,236579796.25,12619391.9141,2409950.30469,2177503.23438,2806759.20312,974364.003906,1469070.875,0,0,0,0,0
274,693.292,15.616666666666667,470625.597656,470625.597656,470625.597656,0,0,0,0,0,0,8106049.61328,8106049.61328,8106049.61328,170487203.875,170487203.875,170487203.875,249811548.697,14694796.9822,0,278495.439453,278495.439453,278495.439453,70175390.5,70175390.5,70175390.5,0,0,0,232792.914062,232792.914062,232792.914062,0,0,0,33169.6757812,33169.6757812,33169.6757812,0,0,0,0,0,0,27821.0820312,27821.0820312,27821.0820312,0,0,0,241705499.084,18592730.6988,27821.0820312,0,0,0,8106049.61328,27821.0820312,170487203.875,70175390.5,470625.597656,232792.914062,278495.439453,33169.6757812,0,0,0,0,0,0
900,694.287,8.266666666666667,0,0,0,0,0,0,0,0,0,3380311.16406,3380311.16406,3380311.16406,0,0,0,248877584.91,14639857.9359,0,0,0,0,0,0,0,0,0,0,0,0,0,0,0,0,235572605.25,235572605.25,235572605.25,0,0,0,9924668.49609,9924668.49609,9924668.49609,0,0,0,0,0,0,245497273.746,18884405.6728,0,0,0,0,3380311.16406,0,0,0,0,0,0,235572605.25,9924668.49609,0,0,0,0,0
897,694.287,7.783333333333333,0,0,0,0,0,0,0,0,0,265664.402344,265664.402344,265664.402344,0,0,0,87481023.6367,5145942.56687,0,0,0,0,0,0,0,0,0,0,0,0,0,0,0,0,81960280.625,81960280.625,81960280.625,0,0,0,5255078.60938,5255078.60938,5255078.60938,0,0,0,0,0,0,87215359.2344,6708873.78726,0,0,0,0,265664.402344,0,0,0,0,0,0,81960280.625,5255078.60938,0,0,0,0,0
815,694.321,9.1,0,0,0,0,0,0,0,0,0,50115.1640625,50115.1640625,50115.1640625,0,0,0,55269630.4023,3251154.72955,0,791240.621094,791240.621094,791240.621094,0,0,0,0,0,0,0,0,0,0,0,0,53669161,53669161,53669161,0,0,0,759113.617188,759113.617188,759113.617188,0,0,0,0,0,0,55219515.2383,4247655.01833,0,0,0,0,50115.1640625,0,0,0,0,0,791240.621094,53669161,759113.617188,0,0,0,0,0
308,695.29,7.383333333333334,0,0,0,0,0,0,0,0,0,12572311.0469,12572311.0469,12572311.0469,0,0,0,594510136.742,34971184.5142,0,384525240.938,384525240.938,384525240.938,0,0,0,0,0,0,157847800.75,157847800.75,157847800.75,0,0,0,33797858.4219,33797858.4219,33797858.4219,0,0,0,5742615.53906,5742615.53906,5742615.53906,0,0,0,24310.046875,8103.34895833,0,581913515.648,44762578.1268,0,24310.046875,0,0,12572311.0469,0,0,0,0,157847800.75,384525240.938,33797858.4219,5742615.53906,0,0,0,0,0
150,695.304,14.783333333333333,14228089.25,14228089.25,14228089.25,0,0,0,21902.3359375,21902.3359375,21902.3359375,33345148.25,33345148.25,33345148.25,583633.21875,583633.21875,583633.21875,255482754.615,15028397.3303,21902.3359375,3011231.25195,3011231.25195,3011231.25195,200863191.25,200863191.25,200863191.25,0,0,0,2018613.27344,2018613.27344,2018613.27344,0,0,0,547134.761719,547134.761719,547134.761719,0,0,0,863811.023438,863811.023438,863811.023438,0,0,0,0,0,0,222137606.365,17087508.1819,547134.761719,0,0,0,33345148.25,0,583633.21875,200863191.25,14228089.25,2018613.27344,3011231.25195,547134.761719,863811.023438,0,0,0,21902.3359375,0
391,695.304,17.016666666666666,0,0,0,21867.9003906,21867.9003906,21867.9003906,26909.6386719,26909.6386719,26909.6386719,4109827.5625,4109827.5625,4109827.5625,9973458.5,9973458.5,9973458.5,44784302.1191,2634370.71289,0,105067.425781,105067.425781,105067.425781,849960.919922,849960.919922,849960.919922,0,0,0,0,0,0,0,0,0,44035.546875,44035.546875,44035.546875,0,0,0,0,0,0,29653174.625,29653174.625,29653174.625,0,0,0,40674474.5566,3128805.73513,21867.9003906,0,0,0,4109827.5625,29653174.625,9973458.5,849960.919922,0,0,105067.425781,44035.546875,0,0,0,0,26909.6386719,21867.9003906
793,696.296,7.183333333333334,0,0,0,0,0,0,0,0,0,3004950.1543,3004950.1543,3004950.1543,0,0,0,198776591.014,11692740.6479,0,132974489.625,132974489.625,132974489.625,0,0,0,0,0,0,53527209.9297,53527209.9297,53527209.9297,0,0,0,8276273.46875,8276273.46875,8276273.46875,0,0,0,993667.835938,993667.835938,993667.835938,0,0,0,0,0,0,195771640.859,15059356.9892,0,0,0,0,3004950.1543,0,0,0,0,53527209.9297,132974489.625,8276273.46875,993667.835938,0,0,0,0,0
221,697.282,15.1,9097557.5625,9097557.5625,9097557.5625,0,0,0,0,0,0,46336752.375,46336752.375,46336752.375,4132724.35742,4132724.35742,4132724.35742,494201223.662,29070660.2154,0,2409904.44531,2409904.44531,2409904.44531,427342303.25,427342303.25,427342303.25,0,0,0,3963635.97656,3963635.97656,3963635.97656,0,0,0,56740.09375,56740.09375,56740.09375,0,0,0,861605.601562,861605.601562,861605.601562,0,0,0,0,0,0,447864471.287,34451113.1759,56740.09375,0,0,0,46336752.375,0,4132724.35742,427342303.25,9097557.5625,3963635.97656,2409904.44531,56740.09375,861605.601562,0,0,0,0,0
590,697.323,18.4,1050267.81641,1050267.81641,1050267.81641,21057.7539062,21057.7539062,21057.7539062,31381.5234375,31381.5234375,31381.5234375,3888167.06641,3888167.06641,3888167.06641,8315230.32422,8315230.32422,8315230.32422,101173936.1,5951408.00586,0,152233.484375,152233.484375,152233.484375,87690720,87690720,87690720,0,0,0,24878.1308594,24878.1308594,24878.1308594,0,0,0,0,0,0,0,0,0,0,0,0,0,0,0,0,0,0,97285769.0332,7483520.69486,21057.7539062,0,0,0,3888167.06641,0,8315230.32422,87690720,1050267.81641,24878.1308594,152233.484375,0,0,0,0,0,31381.5234375,21057.7539062
593,697.323,16.666666666666668,3205201.95312,3205201.95312,3205201.95312,0,0,0,0,0,0,9619529.52344,9619529.52344,9619529.52344,2300722.32812,2300722.32812,2300722.32812,167474217.131,9851424.53711,21212.8085938,805955.402344,805955.402344,805955.402344,151017667.25,151017667.25,151017667.25,0,0,0,99711.9960938,99711.9960938,99711.9960938,0,0,0,168914.759766,168914.759766,168914.759766,0,0,0,0,0,0,235301.109375,235301.109375,235301.109375,21212.8085938,7070.93619792,0,157833474.799,12141036.523,99711.9960938,0,0,21212.8085938,9619529.52344,235301.109375,2300722.32812,151017667.25,3205201.95312,99711.9960938,805955.402344,168914.759766,0,0,0,0,0,0
67,697.324,16.066666666666666,293514295.75,293514295.75,293514295.75,0,0,0,0,0,0,210345875.375,210345875.375,210345875.375,3565713.73438,3565713.73438,3565713.73438,1414188926.54,83187583.9138,0,22470604.2422,22470604.2422,22470604.2422,859208700.5,859208700.5,859208700.5,0,0,0,12432401.7305,12432401.7305,12432401.7305,0,0,0,8392932.61328,8392932.61328,8392932.61328,0,0,0,4258402.58984,4258402.58984,4258402.58984,0,0,0,0,0,0,1203843051.16,92603311.6277,3565713.73438,0,0,0,210345875.375,0,3565713.73438,859208700.5,293514295.75,12432401.7305,22470604.2422,8392932.61328,4258402.58984,0,0,0,0,0
315,698.293,12.4,0,0,0,0,0,0,0,0,0,4022359.46875,4022359.46875,4022359.46875,0,0,0,355965126.477,20939125.0869,0,170206961,170206961,170206961,0,0,0,0,0,0,53822.3359375,53822.3359375,53822.3359375,0,0,0,180558329.5,180558329.5,180558329.5,0,0,0,1123654.17188,1123654.17188,1123654.17188,0,0,0,0,0,0,351942767.008,27072520.5391,0,0,0,0,4022359.46875,0,0,0,0,53822.3359375,170206961,180558329.5,1123654.17188,0,0,0,0,0
1189,699.277,21.2,369950.058594,369950.058594,369950.058594,217588006,217588006,217588006,0,0,0,13958919.5977,13958919.5977,13958919.5977,1022934.35742,1022934.35742,1022934.35742,252703689.275,14864922.8986,247362.101562,1248431.38281,1248431.38281,1248431.38281,247362.101562,247362.101562,247362.101562,0,0,0,462697.589844,462697.589844,462697.589844,0,0,0,624363.626953,624363.626953,624363.626953,0,0,0,226284.560547,226284.560547,226284.560547,16954740,16954740,16954740,0,0,0,238744769.678,18364982.2829,369950.058594,0,0,0,13958919.5977,16954740,1022934.35742,247362.101562,369950.058594,462697.589844,1248431.38281,624363.626953,226284.560547,0,0,0,0,217588006
576,700.368,20.8,1803214.55469,1803214.55469,1803214.55469,20408.7441406,20408.7441406,20408.7441406,0,0,0,6004040.36328,6004040.36328,6004040.36328,451466.568359,451466.568359,451466.568359,124367630.932,7315742.99598,0,253871.677734,253871.677734,253871.677734,115688063.625,115688063.625,115688063.625,0,0,0,146565.398438,146565.398438,146565.398438,0,0,0,0,0,0,0,0,0,0,0,0,0,0,0,0,0,0,118363590.568,9104891.58218,0,0,0,0,6004040.36328,0,451466.568359,115688063.625,1803214.55469,146565.398438,253871.677734,0,0,0,0,0,0,20408.7441406
586,701.293,14.35,0,0,0,0,0,0,0,0,0,2591229.03125,2591229.03125,2591229.03125,922481.541016,922481.541016,922481.541016,99400410.6523,5847082.97955,0,128305.824219,128305.824219,128305.824219,95611728.5,95611728.5,95611728.5,0,0,0,122075.761719,122075.761719,122075.761719,0,0,0,24589.9941406,24589.9941406,24589.9941406,0,0,0,0,0,0,0,0,0,0,0,0,96809181.6211,7446860.1247,0,0,0,0,2591229.03125,0,922481.541016,95611728.5,0,122075.761719,128305.824219,24589.9941406,0,0,0,0,0,0
198,701.314,13.783333333333333,89913910.5,89913910.5,89913910.5,0,0,0,0,0,0,45893920.125,45893920.125,45893920.125,1061506.81055,1061506.81055,1061506.81055,152506743.182,8970984.89304,0,4348863.35938,4348863.35938,4348863.35938,5250203.58984,5250203.58984,5250203.58984,0,0,0,3793384.96094,3793384.96094,3793384.96094,0,0,0,1616863.14648,1616863.14648,1616863.14648,0,0,0,628090.689453,628090.689453,628090.689453,0,0,0,0,0,0,106612823.057,8200986.38897,628090.689453,0,0,0,45893920.125,0,1061506.81055,5250203.58984,89913910.5,3793384.96094,4348863.35938,1616863.14648,628090.689453,0,0,0,0,0
828,702.312,10.666666666666666,0,0,0,0,0,0,0,0,0,2864915.39062,2864915.39062,2864915.39062,0,0,0,220118036.531,12948119.796,0,0,0,0,27638.3867188,27638.3867188,27638.3867188,0,0,0,0,0,0,0,0,0,214794566.125,214794566.125,214794566.125,0,0,0,2430916.62891,2430916.62891,2430916.62891,0,0,0,0,0,0,217253121.141,16711778.5493,0,0,0,0,2864915.39062,0,0,27638.3867188,0,0,0,214794566.125,2430916.62891,0,0,0,0,0
133,703.29,12.166666666666666,102768575,102768575,102768575,0,0,0,0,0,0,63931597.0625,63931597.0625,63931597.0625,2819641.74219,2819641.74219,2819641.74219,182193025.734,10717236.8079,0,6049455.57031,6049455.57031,6049455.57031,53859.5371094,53859.5371094,53859.5371094,0,0,0,5206569.71094,5206569.71094,5206569.71094,0,0,0,274579.806641,274579.806641,274579.806641,0,0,0,1088747.30469,1088747.30469,1088747.30469,0,0,0,0,0,0,118261428.672,9097032.97476,53859.5371094,0,0,0,63931597.0625,0,2819641.74219,53859.5371094,102768575,5206569.71094,6049455.57031,274579.806641,1088747.30469,0,0,0,0,0
55,703.29,9.3,0,0,0,0,0,0,0,0,0,34322457.9375,34322457.9375,34322457.9375,0,0,0,1053546692.17,61973334.8333,0,940525726.75,940525726.75,940525726.75,0,0,0,0,0,0,1888209.09766,1888209.09766,1888209.09766,0,0,0,72000840.625,72000840.625,72000840.625,0,0,0,4785919.65234,4785919.65234,4785919.65234,0,0,0,23538.1035156,7846.03450521,0,1019200696.12,78400053.5481,0,0,0,23538.1035156,34322457.9375,0,0,0,0,1888209.09766,940525726.75,72000840.625,4785919.65234,0,0,0,0,0
283,703.331,18.6,0,0,0,46681793.125,46681793.125,46681793.125,0,0,0,4827725.35938,4827725.35938,4827725.35938,110193145.375,110193145.375,110193145.375,176025400.631,10354435.3312,0,24759.8886719,24759.8886719,24759.8886719,4259334.00781,4259334.00781,4259334.00781,0,0,0,0,0,0,0,0,0,0,0,0,0,0,0,0,0,0,10038642.875,10038642.875,10038642.875,0,0,0,171197675.271,13169051.944,0,0,0,0,4827725.35938,10038642.875,110193145.375,4259334.00781,0,0,24759.8886719,0,0,0,0,0,0,46681793.125
1171,703.332,20.066666666666666,47169.3203125,47169.3203125,47169.3203125,150779792.25,150779792.25,150779792.25,0,0,0,13501331.1094,13501331.1094,13501331.1094,261779.25,261779.25,261779.25,172729051.48,10160532.44,47169.3203125,434374.003906,434374.003906,434374.003906,306376.859375,306376.859375,306376.859375,0,0,0,102152.710938,102152.710938,102152.710938,0,0,0,0,0,0,0,0,0,223459.265625,223459.265625,223459.265625,7046796.75,7046796.75,7046796.75,25819.9609375,8606.65364583,0,159201900.41,12246300.0316,102152.710938,0,25819.9609375,0,13501331.1094,7046796.75,261779.25,306376.859375,47169.3203125,102152.710938,434374.003906,0,223459.265625,0,0,0,0,150779792.25
761,705.274,8.9,0,0,0,0,0,0,0,0,0,101907.417969,101907.417969,101907.417969,0,0,0,35706678.6895,2100392.86409,0,34606789.75,34606789.75,34606789.75,0,0,0,0,0,0,269090.476562,269090.476562,269090.476562,0,0,0,728891.044922,728891.044922,728891.044922,0,0,0,0,0,0,0,0,0,0,0,0,35604771.2715,2738828.55934,0,0,0,0,101907.417969,0,0,0,0,269090.476562,34606789.75,728891.044922,0,0,0,0,0,0
802,705.31,10.4,0,0,0,0,0,0,0,0,0,2189397.63672,2189397.63672,2189397.63672,0,0,0,170928719.703,10054630.5708,0,156260391.25,156260391.25,156260391.25,35734.1953125,35734.1953125,35734.1953125,0,0,0,4699606.46094,4699606.46094,4699606.46094,0,0,0,2418210.96875,2418210.96875,2418210.96875,0,0,0,5325379.19141,5325379.19141,5325379.19141,0,0,0,0,0,0,168739322.066,12979947.8513,0,0,0,0,2189397.63672,0,0,35734.1953125,0,4699606.46094,156260391.25,2418210.96875,5325379.19141,0,0,0,0,0
35,706.323,15.566666666666666,38456653.375,38456653.375,38456653.375,0,0,0,0,0,0,40840323,40840323,40840323,234761.011719,234761.011719,234761.011719,596135190.387,35066775.9051,0,141172692.625,141172692.625,141172692.625,0,0,0,0,0,0,373591032.5,373591032.5,373591032.5,0,0,0,1094890.70312,1094890.70312,1094890.70312,0,0,0,744837.171875,744837.171875,744837.171875,0,0,0,0,0,0,555294867.387,42714989.799,0,0,0,0,40840323,0,234761.011719,0,38456653.375,373591032.5,141172692.625,1094890.70312,744837.171875,0,0,0,0,0
708,706.324,15.95,328581.587891,328581.587891,328581.587891,0,0,0,0,0,0,8203306.0625,8203306.0625,8203306.0625,70642.1757812,70642.1757812,70642.1757812,320409936.674,18847643.3338,0,142377700.969,142377700.969,142377700.969,0,0,0,0,0,0,166144934,166144934,166144934,0,0,0,3130714.10156,3130714.10156,3130714.10156,0,0,0,154057.777344,154057.777344,154057.777344,0,0,0,0,0,0,312206630.611,24015894.6624,0,0,0,0,8203306.0625,0,70642.1757812,0,328581.587891,166144934,142377700.969,3130714.10156,154057.777344,0,0,0,0,0
2,707.303,19.416666666666668,73181030.125,73181030.125,73181030.125,237533989,237533989,237533989,116276.916016,116276.916016,116276.916016,1277126836.75,1277126836.75,1277126836.75,273503616.5,273503616.5,273503616.5,4795823459.78,282107262.34,129619740,367802992.688,367802992.688,367802992.688,129619740,129619740,129619740,366021.179688,366021.179688,366021.179688,201525851.375,201525851.375,201525851.375,8916765.16797,8916765.16797,8916765.16797,365914866.688,365914866.688,365914866.688,1493307.70312,1493307.70312,1493307.70312,157180048.625,157180048.625,157180048.625,1700627411.5,1700627411.5,1700627411.5,914705.566406,304901.855469,77685.7773438,3517781917.47,270598609.036,157180048.625,77685.7773438,837019.789062,0,1277126836.75,1700627411.5,273503616.5,129619740,73181030.125,201525851.375,367802992.688,365914866.688,157180048.625,8916765.16797,1493307.70312,366021.179688,116276.916016,237533989
1112,707.303,22.666666666666668,25188.6601562,25188.6601562,25188.6601562,174823416.75,174823416.75,174823416.75,2815701.07812,2815701.07812,2815701.07812,8453721.44531,8453721.44531,8453721.44531,1564582.28516,1564582.28516,1564582.28516,220177420.098,12951612.9469,87309.9023438,426258.460938,426258.460938,426258.460938,327414.208984,327414.208984,327414.208984,0,0,0,87309.9023438,87309.9023438,87309.9023438,0,0,0,266124.027344,266124.027344,266124.027344,0,0,0,29290.7792969,29290.7792969,29290.7792969,31358412.5,31358412.5,31358412.5,0,0,0,211723698.652,16286438.3579,266124.027344,0,0,0,8453721.44531,31358412.5,1564582.28516,327414.208984,25188.6601562,87309.9023438,426258.460938,266124.027344,29290.7792969,0,0,0,2815701.07812,174823416.75
138,707.303,20.666666666666668,706631.136719,706631.136719,706631.136719,225329214,225329214,225329214,0,0,0,52452728.625,52452728.625,52452728.625,3288693.22266,3288693.22266,3288693.22266,511974621.906,30116154.2298,706631.136719,3834122.30078,3834122.30078,3834122.30078,0,0,0,0,0,0,1425229.88672,1425229.88672,1425229.88672,0,0,0,962218.144531,962218.144531,962218.144531,0,0,0,2654892.08984,2654892.08984,2654892.08984,221320892.5,221320892.5,221320892.5,0,0,0,459521893.281,35347837.9447,962218.144531,0,0,0,52452728.625,221320892.5,3288693.22266,0,706631.136719,1425229.88672,3834122.30078,962218.144531,2654892.08984,0,0,0,0,225329214
603,707.324,18.783333333333335,8901870.66016,8901870.66016,8901870.66016,0,0,0,0,0,0,11124548.6172,11124548.6172,11124548.6172,0,0,0,153549220.768,9032307.10398,0,891883.486328,891883.486328,891883.486328,131589392.188,131589392.188,131589392.188,0,0,0,798005.318359,798005.318359,798005.318359,0,0,0,176735.181641,176735.181641,176735.181641,0,0,0,66785.3164062,66785.3164062,66785.3164062,0,0,0,0,0,0,142424672.15,10955744.0116,0,0,0,0,11124548.6172,0,0,131589392.188,8901870.66016,798005.318359,891883.486328,176735.181641,66785.3164062,0,0,0,0,0
418,708.306,19.6,31703498.6016,31703498.6016,31703498.6016,95648808.3906,95648808.3906,95648808.3906,0,0,0,519067564.914,519067564.914,519067564.914,113655461.783,113655461.783,113655461.783,1975168886.99,116186405.117,54083466.4375,150595613.535,150595613.535,150595613.535,54083466.4375,54083466.4375,54083466.4375,62815.3964844,62815.3964844,62815.3964844,83924642.875,83924642.875,83924642.875,3411528.26172,3411528.26172,3411528.26172,110076107.406,110076107.406,110076107.406,226755.267578,226755.267578,226755.267578,65641609.7188,65641609.7188,65641609.7188,747015452.438,747015452.438,747015452.438,55561.9667969,18520.655599,0,1456045760.11,112003520.009,65641609.7188,0,55561.9667969,0,519067564.914,747015452.438,113655461.783,54083466.4375,31703498.6016,83924642.875,150595613.535,110076107.406,65641609.7188,3411528.26172,226755.267578,62815.3964844,0,95648808.3906
503,709.284,16.166666666666668,103053.787109,103053.787109,103053.787109,0,0,0,0,0,0,2818977.72266,2818977.72266,2818977.72266,64470850.25,64470850.25,64470850.25,80390242.9219,4728837.81893,0,162679.632812,162679.632812,162679.632812,12782948.6406,12782948.6406,12782948.6406,0,0,0,28833.6777344,28833.6777344,28833.6777344,0,0,0,0,0,0,0,0,0,0,0,0,22899.2109375,22899.2109375,22899.2109375,0,0,0,77571265.1992,5967020.39994,0,0,0,0,2818977.72266,22899.2109375,64470850.25,12782948.6406,103053.787109,28833.6777344,162679.632812,0,0,0,0,0,0,0
155,709.284,11.616666666666667,163024389.125,163024389.125,163024389.125,0,0,0,0,0,0,86172411.4375,86172411.4375,86172411.4375,4498074.97266,4498074.97266,4498074.97266,268171083.84,15774769.6376,0,6662749.03906,6662749.03906,6662749.03906,0,0,0,0,0,0,4137357.13672,4137357.13672,4137357.13672,0,0,0,3613177.85547,3613177.85547,3613177.85547,0,0,0,62924.2734375,62924.2734375,62924.2734375,0,0,0,0,0,0,181998672.402,13999897.8771,0,0,0,0,86172411.4375,0,4498074.97266,0,163024389.125,4137357.13672,6662749.03906,3613177.85547,62924.2734375,0,0,0,0,0
540,709.319,20.2,1255119.36719,1255119.36719,1255119.36719,34587.9960938,34587.9960938,34587.9960938,0,0,0,867463.152344,867463.152344,867463.152344,593307.400391,593307.400391,593307.400391,37655124.3398,2215007.31411,0,0,0,0,32615904.875,32615904.875,32615904.875,0,0,0,1020461.33984,1020461.33984,1020461.33984,0,0,0,0,0,0,0,0,0,71258.6230469,71258.6230469,71258.6230469,1197021.58594,1197021.58594,1197021.58594,0,0,0,36787661.1875,2829820.09135,34587.9960938,0,0,0,867463.152344,1197021.58594,593307.400391,32615904.875,1255119.36719,1020461.33984,0,0,71258.6230469,0,0,0,0,34587.9960938
601,709.319,17.55,3490429.85156,3490429.85156,3490429.85156,0,0,0,0,0,0,4482650.28125,4482650.28125,4482650.28125,11014660.8125,11014660.8125,11014660.8125,98518967.7852,5795233.39913,42003.71875,72749.1074219,72749.1074219,72749.1074219,70891068.75,70891068.75,70891068.75,0,0,0,8397657.07031,8397657.07031,8397657.07031,0,0,0,76060.7050781,76060.7050781,76060.7050781,0,0,0,51687.4882812,51687.4882812,51687.4882812,42003.71875,42003.71875,42003.71875,0,0,0,94036317.5039,7233562.88492,51687.4882812,0,0,0,4482650.28125,42003.71875,11014660.8125,70891068.75,3490429.85156,8397657.07031,72749.1074219,76060.7050781,51687.4882812,0,0,0,0,0
605,709.319,16.85,7697677.03125,7697677.03125,7697677.03125,0,0,0,0,0,0,6403800.45312,6403800.45312,6403800.45312,282959.265625,282959.265625,282959.265625,53447775.5859,3143986.79917,0,154754.082031,154754.082031,154754.082031,38810681.125,38810681.125,38810681.125,0,0,0,36177.140625,36177.140625,36177.140625,0,0,0,0,0,0,0,0,0,61726.4882812,61726.4882812,61726.4882812,0,0,0,0,0,0,47043975.1328,3618767.31791,0,0,0,0,6403800.45312,0,282959.265625,38810681.125,7697677.03125,36177.140625,154754.082031,0,61726.4882812,0,0,0,0,0
436,709.34,17.333333333333332,24482.46875,24482.46875,24482.46875,0,0,0,0,0,0,3582639.24219,3582639.24219,3582639.24219,89850010.25,89850010.25,89850010.25,99236581.332,5837445.96071,0,33617.6484375,33617.6484375,33617.6484375,5723416.34375,5723416.34375,5723416.34375,0,0,0,0,0,0,0,0,0,0,0,0,0,0,0,0,0,0,0,0,0,22415.3789062,7471.79296875,0,95631526.7109,7356271.28546,0,0,22415.3789062,0,3582639.24219,0,89850010.25,5723416.34375,24482.46875,0,33617.6484375,0,0,0,0,0,0,0
937,710.312,7.15,0,0,0,0,0,0,0,0,0,7531126.45312,7531126.45312,7531126.45312,0,0,0,55110145.4141,3241773.25965,0,0,0,0,0,0,0,0,0,0,0,0,0,0,0,0,1479692.83594,1479692.83594,1479692.83594,0,0,0,46099326.125,46099326.125,46099326.125,0,0,0,0,0,0,47579018.9609,3659924.53546,0,0,0,0,7531126.45312,0,0,0,0,0,0,1479692.83594,46099326.125,0,0,0,0,0
477,711.315,22.083333333333332,724532.148438,724532.148438,724532.148438,7079332.19141,7079332.19141,7079332.19141,27051.3125,27051.3125,27051.3125,13804866.0703,13804866.0703,13804866.0703,209519410,209519410,209519410,265435762.061,15613868.3565,203571.628906,1087797.23828,1087797.23828,1087797.23828,32121826.3125,32121826.3125,32121826.3125,0,0,0,424860.607422,424860.607422,424860.607422,0,0,0,442514.550781,442514.550781,442514.550781,0,0,0,203571.628906,203571.628906,203571.628906,0,0,0,0,0,0,251630895.99,19356222.7685,424860.607422,0,0,0,13804866.0703,0,209519410,32121826.3125,724532.148438,424860.607422,1087797.23828,442514.550781,203571.628906,0,0,0,27051.3125,7079332.19141
1134,711.315,23.15,0,0,0,36309706,36309706,36309706,0,0,0,3659319.24219,3659319.24219,3659319.24219,633227.46875,633227.46875,633227.46875,46790704.7773,2752394.39867,0,43139.3671875,43139.3671875,43139.3671875,37419.3632812,37419.3632812,37419.3632812,0,0,0,29540.84375,29540.84375,29540.84375,0,0,0,25308.7890625,25308.7890625,25308.7890625,0,0,0,0,0,0,6053043.70312,6053043.70312,6053043.70312,0,0,0,43131385.5352,3317798.88732,25308.7890625,0,0,0,3659319.24219,6053043.70312,633227.46875,37419.3632812,0,29540.84375,43139.3671875,25308.7890625,0,0,0,0,0,36309706
886,711.321,9.833333333333334,23194.125,23194.125,23194.125,0,0,0,0,0,0,2390562.97656,2390562.97656,2390562.97656,0,0,0,156810738.68,9224161.09881,0,201044.4375,201044.4375,201044.4375,0,0,0,23288.0429688,23288.0429688,23288.0429688,1422789.39062,1422789.39062,1422789.39062,23346.15625,23346.15625,23346.15625,139816798,139816798,139816798,0,0,0,12909715.5508,12909715.5508,12909715.5508,0,0,0,0,0,0,154420175.703,11878475.0541,23194.125,0,0,0,2390562.97656,0,0,0,23194.125,1422789.39062,201044.4375,139816798,12909715.5508,23346.15625,0,23288.0429688,0,0
78,711.336,19.75,1701145.01562,1701145.01562,1701145.01562,481553.609375,481553.609375,481553.609375,0,0,0,61417411.375,61417411.375,61417411.375,501133854.5,501133854.5,501133854.5,849669130.16,49980537.0682,856607.207031,4425861.44141,4425861.44141,4425861.44141,9598341.78125,9598341.78125,9598341.78125,0,0,0,2615231.71484,2615231.71484,2615231.71484,0,0,0,856607.207031,856607.207031,856607.207031,0,0,0,1422722.26562,1422722.26562,1422722.26562,266016401.25,266016401.25,266016401.25,0,0,0,788251718.785,60634747.5989,1422722.26562,0,0,0,61417411.375,266016401.25,501133854.5,9598341.78125,1701145.01562,2615231.71484,4425861.44141,856607.207031,1422722.26562,0,0,0,0,481553.609375
498,711.336,20.85,338244.433594,338244.433594,338244.433594,0,0,0,0,0,0,14816777.8164,14816777.8164,14816777.8164,314326062.875,314326062.875,314326062.875,350273190.814,20604305.342,25644.6777344,1092173.31836,1092173.31836,1092173.31836,7039227.60938,7039227.60938,7039227.60938,0,0,0,278681.794922,278681.794922,278681.794922,0,0,0,837962.777344,837962.777344,837962.777344,0,0,0,25644.6777344,25644.6777344,25644.6777344,11518415.5117,11518415.5117,11518415.5117,0,0,0,335456412.998,25804339.4614,278681.794922,0,0,0,14816777.8164,11518415.5117,314326062.875,7039227.60938,338244.433594,278681.794922,1092173.31836,837962.777344,25644.6777344,0,0,0,0,0
668,713.276,10.383333333333333,24028931.5938,24028931.5938,24028931.5938,0,0,0,0,0,0,17283959.1211,17283959.1211,17283959.1211,201236.429688,201236.429688,201236.429688,152393645.922,8964332.11305,0,3202583.60938,3202583.60938,3202583.60938,0,0,0,0,0,0,106775854.5,106775854.5,106775854.5,0,0,0,841623.871094,841623.871094,841623.871094,0,0,0,59456.796875,59456.796875,59456.796875,0,0,0,0,0,0,135109686.801,10393052.8308,0,0,0,0,17283959.1211,0,201236.429688,0,24028931.5938,106775854.5,3202583.60938,841623.871094,59456.796875,0,0,0,0,0
906,714.277,9,0,0,0,0,0,0,0,0,0,29924127.8984,29924127.8984,29924127.8984,0,0,0,1198793739.6,70517278.8001,0,0,0,0,0,0,0,0,0,0,0,0,0,0,0,0,1159217733,1159217733,1159217733,0,0,0,9651878.70312,9651878.70312,9651878.70312,0,0,0,0,0,0,1168869611.7,89913047.0541,0,0,0,0,29924127.8984,0,0,0,0,0,0,1159217733,9651878.70312,0,0,0,0,0
352,714.292,8.383333333333333,0,0,0,0,0,0,0,0,0,8059252.79688,8059252.79688,8059252.79688,0,0,0,352061152.297,20709479.5469,0,0,0,0,0,0,0,0,0,0,0,0,0,0,0,0,304215897.125,304215897.125,304215897.125,0,0,0,39786002.375,39786002.375,39786002.375,0,0,0,0,0,0,344001899.5,26461684.5769,0,0,0,0,8059252.79688,0,0,0,0,0,0,304215897.125,39786002.375,0,0,0,0,0
45,715.274,15.8,4843397.64062,4843397.64062,4843397.64062,0,0,0,0,0,0,32754822,32754822,32754822,866834624.75,866834624.75,866834624.75,1112815786.34,65459752.1378,139460.601562,3370508.14453,3370508.14453,3370508.14453,193588962.5,193588962.5,193588962.5,0,0,0,3506751.39453,3506751.39453,3506751.39453,0,0,0,4321297.27148,4321297.27148,4321297.27148,0,0,0,139460.601562,139460.601562,139460.601562,3455962.03906,3455962.03906,3455962.03906,0,0,0,1080060964.34,83081612.6417,3370508.14453,0,0,0,32754822,3455962.03906,866834624.75,193588962.5,4843397.64062,3506751.39453,3370508.14453,4321297.27148,139460.601562,0,0,0,0,0
688,716.363,15.066666666666666,0,0,0,0,0,0,0,0,0,2828154.84375,2828154.84375,2828154.84375,0,0,0,110634179.807,6507892.9298,0,10345468.6719,10345468.6719,10345468.6719,0,0,0,0,0,0,76370931.125,76370931.125,76370931.125,0,0,0,2350319.47852,2350319.47852,2350319.47852,0,0,0,18739305.6875,18739305.6875,18739305.6875,0,0,0,0,0,0,107806024.963,8292771.15099,0,0,0,0,2828154.84375,0,0,0,0,76370931.125,10345468.6719,2350319.47852,18739305.6875,0,0,0,0,0
795,717.273,11.733333333333333,0,0,0,0,0,0,0,0,0,1041191.52344,1041191.52344,1041191.52344,0,0,0,69827182.293,4107481.31135,0,51695333.75,51695333.75,51695333.75,0,0,0,0,0,0,17037349.8438,17037349.8438,17037349.8438,53307.1757812,53307.1757812,53307.1757812,0,0,0,0,0,0,0,0,0,0,0,0,0,0,0,68785990.7695,5291230.05919,0,0,0,0,1041191.52344,0,0,0,0,17037349.8438,51695333.75,0,0,53307.1757812,0,0,0,0
179,717.288,26.333333333333332,572028.988281,572028.988281,572028.988281,720882873.5,720882873.5,720882873.5,0,0,0,45417475.375,45417475.375,45417475.375,2971216.96484,2971216.96484,2971216.96484,790358133.469,46491654.9099,1137285.86523,1929142.93359,1929142.93359,1929142.93359,2011891.56641,2011891.56641,2011891.56641,0,0,0,1298813.52344,1298813.52344,1298813.52344,0,0,0,1722874.67773,1722874.67773,1722874.67773,0,0,0,1137285.86523,1137285.86523,1137285.86523,12414530.0742,12414530.0742,12414530.0742,0,0,0,744940658.094,57303127.5457,1298813.52344,0,0,0,45417475.375,12414530.0742,2971216.96484,2011891.56641,572028.988281,1298813.52344,1929142.93359,1722874.67773,1137285.86523,0,0,0,0,720882873.5
670,717.309,11.416666666666666,0,0,0,0,0,0,0,0,0,13056547.1445,13056547.1445,13056547.1445,0,0,0,208762811,12280165.3529,0,11783527.0469,11783527.0469,11783527.0469,0,0,0,0,0,0,181754725.375,181754725.375,181754725.375,0,0,0,2168011.43359,2168011.43359,2168011.43359,0,0,0,0,0,0,0,0,0,0,0,0,195706263.855,15054327.9889,0,0,0,0,13056547.1445,0,0,0,0,181754725.375,11783527.0469,2168011.43359,0,0,0,0,0,0
608,717.346,18.133333333333333,1750966.01172,1750966.01172,1750966.01172,26712.9667969,26712.9667969,26712.9667969,0,0,0,9653634.58984,9653634.58984,9653634.58984,36096757.4062,36096757.4062,36096757.4062,190628193.273,11213423.1337,0,415900.542969,415900.542969,415900.542969,142145182.688,142145182.688,142145182.688,0,0,0,117093.197266,117093.197266,117093.197266,0,0,0,421945.871094,421945.871094,421945.871094,0,0,0,0,0,0,0,0,0,0,0,0,180974558.684,13921119.8987,26712.9667969,0,0,0,9653634.58984,0,36096757.4062,142145182.688,1750966.01172,117093.197266,415900.542969,421945.871094,0,0,0,0,0,26712.9667969
1187,717.346,23.033333333333335,0,0,0,37295132.5,37295132.5,37295132.5,0,0,0,2154965.42578,2154965.42578,2154965.42578,30093.3125,30093.3125,30093.3125,40654601.043,2391447.12017,0,0,0,0,0,0,0,0,0,0,24749.3085938,24749.3085938,24749.3085938,0,0,0,0,0,0,0,0,0,0,0,0,1149660.49609,1149660.49609,1149660.49609,0,0,0,38499635.6172,2961510.43209,0,0,0,0,2154965.42578,1149660.49609,30093.3125,0,0,24749.3085938,0,0,0,0,0,0,0,37295132.5
112,719.288,10.766666666666667,2663377.46484,2663377.46484,2663377.46484,0,0,0,0,0,0,52044572.375,52044572.375,52044572.375,0,0,0,680750611.826,40044153.6368,0,62496935.25,62496935.25,62496935.25,0,0,0,0,0,0,554800173.125,554800173.125,554800173.125,0,0,0,6885304.18164,6885304.18164,6885304.18164,0,0,0,1860249.42969,1860249.42969,1860249.42969,0,0,0,0,0,0,628706039.451,48362003.0347,0,0,0,0,52044572.375,0,0,0,2663377.46484,554800173.125,62496935.25,6885304.18164,1860249.42969,0,0,0,0,0
127,719.288,7.65,48229.6445312,48229.6445312,48229.6445312,0,0,0,0,0,0,5476791.71875,5476791.71875,5476791.71875,2782710.00977,2782710.00977,2782710.00977,272125943.912,16007408.4654,0,78633386.6875,78633386.6875,78633386.6875,202835.164062,202835.164062,202835.164062,0,0,0,62624061.9375,62624061.9375,62624061.9375,0,0,0,94155570.875,94155570.875,94155570.875,0,0,0,28202357.875,28202357.875,28202357.875,0,0,0,0,0,0,266649152.193,20511473.2456,48229.6445312,0,0,0,5476791.71875,0,2782710.00977,202835.164062,48229.6445312,62624061.9375,78633386.6875,94155570.875,28202357.875,0,0,0,0,0
506,719.339,21.083333333333332,0,0,0,7246152.35156,7246152.35156,7246152.35156,0,0,0,4225203.3125,4225203.3125,4225203.3125,62032168.625,62032168.625,62032168.625,78154959.2559,4597350.54446,26470.1386719,151191.839844,151191.839844,151191.839844,1395677.88281,1395677.88281,1395677.88281,0,0,0,26470.1386719,26470.1386719,26470.1386719,0,0,0,33062.78125,33062.78125,33062.78125,0,0,0,74348.0546875,74348.0546875,74348.0546875,2970684.26953,2970684.26953,2970684.26953,0,0,0,73929755.9434,5686904.30334,33062.78125,0,0,0,4225203.3125,2970684.26953,62032168.625,1395677.88281,0,26470.1386719,151191.839844,33062.78125,74348.0546875,0,0,0,0,7246152.35156
1193,719.339,25.133333333333333,0,0,0,153325736.5,153325736.5,153325736.5,30709932.2617,30709932.2617,30709932.2617,9464502.71484,9464502.71484,9464502.71484,598648.919922,598648.919922,598648.919922,196144288.209,11537899.3064,165314.566406,418045.710938,418045.710938,418045.710938,183524.054688,183524.054688,183524.054688,0,0,0,165314.566406,165314.566406,165314.566406,0,0,0,487789.628906,487789.628906,487789.628906,0,0,0,0,0,0,790793.851562,790793.851562,790793.851562,0,0,0,186679785.494,14359983.4995,183524.054688,0,0,0,9464502.71484,790793.851562,598648.919922,183524.054688,0,165314.566406,418045.710938,487789.628906,0,0,0,0,30709932.2617,153325736.5
1174,719.361,23.5,0,0,0,96798363.5,96798363.5,96798363.5,0,0,0,4029541.38672,4029541.38672,4029541.38672,0,0,0,102730437.031,6042966.88419,0,152588.238281,152588.238281,152588.238281,26393.9726562,26393.9726562,26393.9726562,0,0,0,0,0,0,0,0,0,74583.8125,74583.8125,74583.8125,0,0,0,0,0,0,1648966.12109,1648966.12109,1648966.12109,0,0,0,98700895.6445,7592376.58804,0,0,0,0,4029541.38672,1648966.12109,0,26393.9726562,0,0,152588.238281,74583.8125,0,0,0,0,0,96798363.5
145,720.302,12.833333333333334,30465.6914062,30465.6914062,30465.6914062,0,0,0,0,0,0,186984303.125,186984303.125,186984303.125,0,0,0,1117513088.79,65736064.0464,0,54284.6015625,54284.6015625,54284.6015625,0,0,0,0,0,0,2889748.24609,2889748.24609,2889748.24609,0,0,0,861433125,861433125,861433125,0,0,0,66121162.125,66121162.125,66121162.125,0,0,0,0,0,0,930528785.664,71579137.3588,0,0,0,0,186984303.125,0,0,0,30465.6914062,2889748.24609,54284.6015625,861433125,66121162.125,0,0,0,0,0
862,720.302,10.883333333333333,263859.285156,263859.285156,263859.285156,0,0,0,0,0,0,11903577.0742,11903577.0742,11903577.0742,0,0,0,631438318.736,37143430.5139,0,2907159.46094,2907159.46094,2907159.46094,0,0,0,0,0,0,198011.109375,198011.109375,198011.109375,0,0,0,612882095.125,612882095.125,612882095.125,0,0,0,3283616.68164,3283616.68164,3283616.68164,0,0,0,0,0,0,619534741.662,47656518.5894,0,0,0,0,11903577.0742,0,0,0,263859.285156,198011.109375,2907159.46094,612882095.125,3283616.68164,0,0,0,0,0
610,721.282,16.516666666666666,1227958.57812,1227958.57812,1227958.57812,0,0,0,0,0,0,4072415.46875,4072415.46875,4072415.46875,0,0,0,51276560.0977,3016268.24104,0,92397.8710938,92397.8710938,92397.8710938,45796751.5,45796751.5,45796751.5,0,0,0,59585.1269531,59585.1269531,59585.1269531,0,0,0,0,0,0,0,0,0,27451.5527344,27451.5527344,27451.5527344,0,0,0,0,0,0,47204144.6289,3631088.04838,0,0,0,0,4072415.46875,0,0,45796751.5,1227958.57812,59585.1269531,92397.8710938,0,27451.5527344,0,0,0,0,0
296,721.303,12.533333333333333,6155399.12891,6155399.12891,6155399.12891,0,0,0,0,0,0,91679010.5078,91679010.5078,91679010.5078,52373.9921875,52373.9921875,52373.9921875,2549414168.53,149965539.325,0,13371181.3281,13371181.3281,13371181.3281,0,0,0,0,0,0,92819618.625,92819618.625,92819618.625,0,0,0,2314110337.94,2314110337.94,2314110337.94,0,0,0,31226247.0078,31226247.0078,31226247.0078,0,0,0,0,0,0,2457735158.02,189056550.617,0,0,0,0,91679010.5078,0,52373.9921875,0,6155399.12891,92819618.625,13371181.3281,2314110337.94,31226247.0078,0,0,0,0,0
159,721.303,15.75,397248601.125,397248601.125,397248601.125,0,0,0,0,0,0,228521964,228521964,228521964,4840311.78906,4840311.78906,4840311.78906,675558754.512,39738750.2654,26760.7910156,18752164.7266,18752164.7266,18752164.7266,378322.714844,378322.714844,378322.714844,0,0,0,13091394.293,13091394.293,13091394.293,26760.7910156,26760.7910156,26760.7910156,11140676.2656,11140676.2656,11140676.2656,0,0,0,1558558.80664,1558558.80664,1558558.80664,0,0,0,0,0,0,447036790.512,34387445.424,378322.714844,0,0,0,228521964,0,4840311.78906,378322.714844,397248601.125,13091394.293,18752164.7266,11140676.2656,1558558.80664,26760.7910156,0,0,0,0
63,721.318,21.783333333333335,3712347.83203,3712347.83203,3712347.83203,712749329.25,712749329.25,712749329.25,0,0,0,190253751.875,190253751.875,190253751.875,17787234.1953,17787234.1953,17787234.1953,1491135098.22,87713829.3069,7446038.44727,12888366.3613,12888366.3613,12888366.3613,7647819.66016,7647819.66016,7647819.66016,0,0,0,7446038.44727,7446038.44727,7446038.44727,0,0,0,8457110.37109,8457110.37109,8457110.37109,0,0,0,8764522.84961,8764522.84961,8764522.84961,521428577.375,521428577.375,521428577.375,0,0,0,1300881346.34,100067795.872,7647819.66016,0,0,0,190253751.875,521428577.375,17787234.1953,7647819.66016,3712347.83203,7446038.44727,12888366.3613,8457110.37109,8764522.84961,0,0,0,0,712749329.25
227,721.319,23.066666666666666,0,0,0,170382507.25,170382507.25,170382507.25,0,0,0,3660098.57812,3660098.57812,3660098.57812,23688.9179688,23688.9179688,23688.9179688,216951629.852,12761860.5795,0,708994.308594,708994.308594,708994.308594,0,0,0,0,0,0,135609.519531,135609.519531,135609.519531,0,0,0,867805.433594,867805.433594,867805.433594,0,0,0,25539.90625,25539.90625,25539.90625,41147385.9375,41147385.9375,41147385.9375,0,0,0,213291531.273,16407040.8672,23688.9179688,0,0,0,3660098.57812,41147385.9375,23688.9179688,0,0,135609.519531,708994.308594,867805.433594,25539.90625,0,0,0,0,170382507.25
122,722.315,12.6,1096445.96875,1096445.96875,1096445.96875,0,0,0,0,0,0,16161543.8672,16161543.8672,16161543.8672,0,0,0,800930566,47113562.7059,0,11801768.4141,11801768.4141,11801768.4141,0,0,0,0,0,0,110902391.5,110902391.5,110902391.5,0,0,0,585501954.25,585501954.25,585501954.25,0,0,0,75466462,75466462,75466462,0,0,0,0,0,0,784769022.133,60366847.8564,0,0,0,0,16161543.8672,0,0,0,1096445.96875,110902391.5,11801768.4141,585501954.25,75466462,0,0,0,0,0
796,722.315,14.266666666666667,27152.3632812,27152.3632812,27152.3632812,0,0,0,0,0,0,5533842.16016,5533842.16016,5533842.16016,0,0,0,467685375.164,27510904.4214,0,425468025.875,425468025.875,425468025.875,0,0,0,0,0,0,20297966.6484,20297966.6484,20297966.6484,0,0,0,14322816.25,14322816.25,14322816.25,0,0,0,2035571.86719,2035571.86719,2035571.86719,0,0,0,0,0,0,462151533.004,35550117.9234,0,0,0,0,5533842.16016,0,0,0,27152.3632812,20297966.6484,425468025.875,14322816.25,2035571.86719,0,0,0,0,0
129,722.315,10.85,0,0,0,0,0,0,0,0,0,7434146.42969,7434146.42969,7434146.42969,0,0,0,882650346.855,51920608.6386,0,371079080.688,371079080.688,371079080.688,0,0,0,0,0,0,32151051.2812,32151051.2812,32151051.2812,23887.7070312,23887.7070312,23887.7070312,82474550.625,82474550.625,82474550.625,0,0,0,389487630.125,389487630.125,389487630.125,0,0,0,0,0,0,875216200.426,67324323.1097,0,0,0,0,7434146.42969,0,0,0,0,32151051.2812,371079080.688,82474550.625,389487630.125,23887.7070312,0,0,0,0
1021,722.315,7.7,0,0,0,0,0,0,0,0,0,7120106.36719,7120106.36719,7120106.36719,0,0,0,244997855.545,14411638.5615,0,0,0,0,0,0,0,0,0,0,0,0,0,0,0,0,394701.302734,394701.302734,394701.302734,0,0,0,237483047.875,237483047.875,237483047.875,0,0,0,0,0,0,237877749.178,18298288.3983,0,0,0,0,7120106.36719,0,0,0,0,0,0,394701.302734,237483047.875,0,0,0,0,0
13,723.299,13.7,1521530128,1521530128,1521530128,790420.279297,790420.279297,790420.279297,10824251.7891,10824251.7891,10824251.7891,1418189911.31,1418189911.31,1418189911.31,195496561.312,195496561.312,195496561.312,5411992052.41,318352473.671,19088703.1699,585870551.938,585870551.938,585870551.938,469528935.375,469528935.375,469528935.375,2101707.89062,2101707.89062,2101707.89062,430499307.125,430499307.125,430499307.125,19088703.1699,19088703.1699,19088703.1699,556930685.5,556930685.5,556930685.5,5487332.14844,5487332.14844,5487332.14844,181153925.438,181153925.438,181153925.438,6288511.5625,6288511.5625,6288511.5625,8211119.57422,2737039.85807,2365364.79297,3985591021.53,306583924.733,181153925.438,2365364.79297,3747945.54297,2097809.23828,1418189911.31,6288511.5625,195496561.312,469528935.375,1521530128,430499307.125,585870551.938,556930685.5,181153925.438,19088703.1699,5487332.14844,2101707.89062,10824251.7891,790420.279297
26,723.299,16.25,68257581.3125,68257581.3125,68257581.3125,0,0,0,0,0,0,99605715.625,99605715.625,99605715.625,1657414.37891,1657414.37891,1657414.37891,841898809.148,49523459.3617,26968.1914062,10673048.9375,10673048.9375,10673048.9375,597671699.125,597671699.125,597671699.125,0,0,0,59466451.5,59466451.5,59466451.5,0,0,0,742643.378906,742643.378906,742643.378906,26968.1914062,26968.1914062,26968.1914062,3797286.69922,3797286.69922,3797286.69922,0,0,0,0,0,0,742293093.523,57099468.7326,742643.378906,0,0,0,99605715.625,0,1657414.37891,597671699.125,68257581.3125,59466451.5,10673048.9375,742643.378906,3797286.69922,0,26968.1914062,0,0,0
8,723.299,18.716666666666665,7217495.01562,7217495.01562,7217495.01562,146325480.625,146325480.625,146325480.625,0,0,0,505225449.188,505225449.188,505225449.188,26401757.125,26401757.125,26401757.125,2095498692.04,123264628.943,9163806.25586,45730884,45730884,45730884,93181473.375,93181473.375,93181473.375,0,0,0,18582006.2812,18582006.2812,18582006.2812,309008.923828,309008.923828,309008.923828,35597821.625,35597821.625,35597821.625,0,0,0,9163806.25586,9163806.25586,9163806.25586,1207763509.62,1207763509.62,1207763509.62,0,0,0,1590273242.85,122328710.989,18582006.2812,0,0,0,505225449.188,1207763509.62,26401757.125,93181473.375,7217495.01562,18582006.2812,45730884,35597821.625,9163806.25586,309008.923828,0,0,0,146325480.625
41,723.299,13.133333333333333,27849238.25,27849238.25,27849238.25,0,0,0,0,0,0,27762881.1172,27762881.1172,27762881.1172,2374145.96484,2374145.96484,2374145.96484,447601490.455,26329499.4385,23893.4082031,73829913.9375,73829913.9375,73829913.9375,35132508.5,35132508.5,35132508.5,0,0,0,83287333,83287333,83287333,0,0,0,197312509,197312509,197312509,0,0,0,0,0,0,23893.4082031,23893.4082031,23893.4082031,29067.2773438,9689.09244792,0,419809542.061,32293041.697,23893.4082031,0,29067.2773438,0,27762881.1172,23893.4082031,2374145.96484,35132508.5,27849238.25,83287333,73829913.9375,197312509,0,0,0,0,0,0
236,723.299,20.433333333333334,871356.089844,871356.089844,871356.089844,151013301,151013301,151013301,0,0,0,14129462.7109,14129462.7109,14129462.7109,1160980.48438,1160980.48438,1160980.48438,210277411.176,12369259.4809,143840.085938,1055147.45898,1055147.45898,1055147.45898,66666.3945312,66666.3945312,66666.3945312,0,0,0,651422.234375,651422.234375,651422.234375,0,0,0,143840.085938,143840.085938,143840.085938,0,0,0,406521.966797,406521.966797,406521.966797,40778712.75,40778712.75,40778712.75,0,0,0,196147948.465,15088303.7281,406521.966797,0,0,0,14129462.7109,40778712.75,1160980.48438,66666.3945312,871356.089844,651422.234375,1055147.45898,143840.085938,406521.966797,0,0,0,0,151013301
211,723.299,18.2,7410319.46875,7410319.46875,7410319.46875,474253.230469,474253.230469,474253.230469,0,0,0,89127031,89127031,89127031,102873305.625,102873305.625,102873305.625,711813841.152,41871402.4207,737207.046875,7108839.8457,7108839.8457,7108839.8457,70836523.2812,70836523.2812,70836523.2812,0,0,0,10141581.207,10141581.207,10141581.207,79464.3183594,79464.3183594,79464.3183594,5692522.25391,5692522.25391,5692522.25391,0,0,0,737207.046875,737207.046875,737207.046875,417332793.875,417332793.875,417332793.875,0,0,0,622686810.152,47898985.3963,5692522.25391,0,0,0,89127031,417332793.875,102873305.625,70836523.2812,7410319.46875,10141581.207,7108839.8457,5692522.25391,737207.046875,79464.3183594,0,0,0,474253.230469
47,725.317,19.166666666666668,4384867.36719,4384867.36719,4384867.36719,0,0,0,0,0,0,75737287.4375,75737287.4375,75737287.4375,1632003548,1632003548,1632003548,1769507491.8,104088675.989,330612.757812,4398274.79297,4398274.79297,4398274.79297,34869322.75,34869322.75,34869322.75,0,0,0,3582991.48438,3582991.48438,3582991.48438,0,0,0,330612.757812,330612.757812,330612.757812,0,0,0,1656839.40234,1656839.40234,1656839.40234,12543747.8125,12543747.8125,12543747.8125,0,0,0,1693770204.37,130290015.721,1656839.40234,0,0,0,75737287.4375,12543747.8125,1632003548,34869322.75,4384867.36719,3582991.48438,4398274.79297,330612.757812,1656839.40234,0,0,0,0,0
165,725.339,12.9,143830101.375,143830101.375,143830101.375,0,0,0,0,0,0,78682431.25,78682431.25,78682431.25,1647722.96875,1647722.96875,1647722.96875,236473060.977,13910180.0574,0,7662912.89062,7662912.89062,7662912.89062,0,0,0,0,0,0,3293768.75,3293768.75,3293768.75,0,0,0,1066489.72656,1066489.72656,1066489.72656,0,0,0,289634.015625,289634.015625,289634.015625,0,0,0,0,0,0,157790629.727,12137740.7482,0,0,0,0,78682431.25,0,1647722.96875,0,143830101.375,3293768.75,7662912.89062,1066489.72656,289634.015625,0,0,0,0,0
526,727.292,21.95,232843.585938,232843.585938,232843.585938,539776.867188,539776.867188,539776.867188,0,0,0,3279955.92188,3279955.92188,3279955.92188,29400446.25,29400446.25,29400446.25,85998906.6289,5058759.21347,0,40070.5625,40070.5625,40070.5625,52373502,52373502,52373502,0,0,0,0,0,0,0,0,0,0,0,0,0,0,0,54355.8378906,54355.8378906,54355.8378906,77955.6035156,77955.6035156,77955.6035156,0,0,0,82718950.707,6362996.20823,40070.5625,0,0,0,3279955.92188,77955.6035156,29400446.25,52373502,232843.585938,0,40070.5625,0,54355.8378906,0,0,0,0,539776.867188
545,727.307,16.616666666666667,5643368.78125,5643368.78125,5643368.78125,0,0,0,0,0,0,9746717.49219,9746717.49219,9746717.49219,0,0,0,139984217.1,8234365.71174,0,826142.019531,826142.019531,826142.019531,123002095.75,123002095.75,123002095.75,0,0,0,570651.789062,570651.789062,570651.789062,0,0,0,0,0,0,0,0,0,143104.09375,143104.09375,143104.09375,52137.1738281,52137.1738281,52137.1738281,0,0,0,130237499.607,10018269.2006,0,0,0,0,9746717.49219,52137.1738281,0,123002095.75,5643368.78125,570651.789062,826142.019531,0,143104.09375,0,0,0,0,0
556,727.329,18.1,190013.75,190013.75,190013.75,0,0,0,0,0,0,1518663.82031,1518663.82031,1518663.82031,209493.855469,209493.855469,209493.855469,39876558.4883,2345679.91108,0,0,0,0,37958387.0625,37958387.0625,37958387.0625,0,0,0,0,0,0,0,0,0,0,0,0,0,0,0,0,0,0,0,0,0,0,0,0,38357894.668,2950607.28215,0,0,0,0,1518663.82031,0,209493.855469,37958387.0625,190013.75,0,0,0,0,0,0,0,0,0
341,728.328,11.866666666666667,0,0,0,0,0,0,0,0,0,14728357.4297,14728357.4297,14728357.4297,0,0,0,1170497482.86,68852793.1091,0,985010672.75,985010672.75,985010672.75,0,0,0,0,0,0,0,0,0,0,0,0,168439951.5,168439951.5,168439951.5,0,0,0,2318501.17578,2318501.17578,2318501.17578,0,0,0,0,0,0,1155769125.43,88905317.3404,0,0,0,0,14728357.4297,0,0,0,0,0,985010672.75,168439951.5,2318501.17578,0,0,0,0,0
426,729.349,21.466666666666665,0,0,0,0,0,0,0,0,0,2402939.85156,2402939.85156,2402939.85156,40828345.625,40828345.625,40828345.625,54203972.2773,3188468.95749,0,0,0,0,342809.675781,342809.675781,342809.675781,0,0,0,0,0,0,0,0,0,0,0,0,0,0,0,0,0,0,10629877.125,10629877.125,10629877.125,0,0,0,51801032.4258,3984694.80198,0,0,0,0,2402939.85156,10629877.125,40828345.625,342809.675781,0,0,0,0,0,0,0,0,0,0
130,730.34,11.15,0,0,0,0,0,0,0,0,0,9897792.89062,9897792.89062,9897792.89062,0,0,0,552426407.098,32495671.0057,0,418908468.25,418908468.25,418908468.25,0,0,0,0,0,0,4544074.08203,4544074.08203,4544074.08203,0,0,0,57658439.25,57658439.25,57658439.25,0,0,0,61417632.625,61417632.625,61417632.625,0,0,0,0,0,0,542528614.207,41732970.3236,0,0,0,0,9897792.89062,0,0,0,0,4544074.08203,418908468.25,57658439.25,61417632.625,0,0,0,0,0
38,730.34,14.966666666666667,64764702.25,64764702.25,64764702.25,0,0,0,0,0,0,35619986.875,35619986.875,35619986.875,433550.945312,433550.945312,433550.945312,205841821.789,12108342.4582,0,57314718,57314718,57314718,0,0,0,0,0,0,44833436.3125,44833436.3125,44833436.3125,0,0,0,1690300.83594,1690300.83594,1690300.83594,0,0,0,1185126.57031,1185126.57031,1185126.57031,0,0,0,0,0,0,170221834.914,13093987.3011,0,0,0,0,35619986.875,0,433550.945312,0,64764702.25,44833436.3125,57314718,1690300.83594,1185126.57031,0,0,0,0,0
748,730.34,12.85,0,0,0,0,0,0,0,0,0,723417.914062,723417.914062,723417.914062,0,0,0,60768298.7266,3574605.80744,0,41656616.25,41656616.25,41656616.25,0,0,0,0,0,0,2934592.72266,2934592.72266,2934592.72266,0,0,0,14682539.25,14682539.25,14682539.25,0,0,0,771132.589844,771132.589844,771132.589844,0,0,0,0,0,0,60044880.8125,4618836.98558,0,0,0,0,723417.914062,0,0,0,0,2934592.72266,41656616.25,14682539.25,771132.589844,0,0,0,0,0
61,731.325,17.35,21638955.5938,21638955.5938,21638955.5938,0,0,0,0,0,0,204316936.125,204316936.125,204316936.125,1377130218.62,1377130218.62,1377130218.62,2116951869.17,124526580.539,7709291.08594,9873551.13281,9873551.13281,9873551.13281,468844058.25,468844058.25,468844058.25,27487.6132812,27487.6132812,27487.6132812,8256961.32812,8256961.32812,8256961.32812,78843.3164062,78843.3164062,78843.3164062,8370114.48828,8370114.48828,8370114.48828,0,0,0,7709291.08594,7709291.08594,7709291.08594,10705451.6094,10705451.6094,10705451.6094,0,0,0,1912634933.04,147125764.08,8256961.32812,0,0,0,204316936.125,10705451.6094,1377130218.62,468844058.25,21638955.5938,8256961.32812,9873551.13281,8370114.48828,7709291.08594,78843.3164062,0,27487.6132812,0,0
471,731.326,18.566666666666666,25916.734375,25916.734375,25916.734375,0,0,0,0,0,0,6019218.82617,6019218.82617,6019218.82617,68479188.5,68479188.5,68479188.5,81597362.1875,4799844.83456,0,162251.482422,162251.482422,162251.482422,2223374.48438,2223374.48438,2223374.48438,0,0,0,60783.5292969,60783.5292969,60783.5292969,0,0,0,0,0,0,0,0,0,79145.2558594,79145.2558594,79145.2558594,4547483.375,4547483.375,4547483.375,0,0,0,75578143.3613,5813703.33549,25916.734375,0,0,0,6019218.82617,4547483.375,68479188.5,2223374.48438,25916.734375,60783.5292969,162251.482422,0,79145.2558594,0,0,0,0,0
782,731.348,11.283333333333333,0,0,0,0,0,0,0,0,0,3536287.60938,3536287.60938,3536287.60938,0,0,0,209077782.33,12298693.0782,0,171079986.5,171079986.5,171079986.5,0,0,0,0,0,0,1744556.53711,1744556.53711,1744556.53711,0,0,0,5747572.29297,5747572.29297,5747572.29297,0,0,0,26969379.3906,26969379.3906,26969379.3906,0,0,0,0,0,0,205541494.721,15810884.2093,0,0,0,0,3536287.60938,0,0,0,0,1744556.53711,171079986.5,5747572.29297,26969379.3906,0,0,0,0,0
768,732.358,9.583333333333334,0,0,0,0,0,0,0,0,0,3233673.64844,3233673.64844,3233673.64844,0,0,0,257888772.508,15169927.7946,0,240182839.375,240182839.375,240182839.375,0,0,0,0,0,0,0,0,0,0,0,0,13104660.3164,13104660.3164,13104660.3164,0,0,0,1367599.16797,1367599.16797,1367599.16797,0,0,0,0,0,0,254655098.859,19588853.7584,0,0,0,0,3233673.64844,0,0,0,0,0,240182839.375,13104660.3164,1367599.16797,0,0,0,0,0
1157,733.318,23.916666666666668,0,0,0,61664849.125,61664849.125,61664849.125,52603.96875,52603.96875,52603.96875,3067260.34766,3067260.34766,3067260.34766,0,0,0,64959713.7598,3821159.63293,0,0,0,0,57969.5625,57969.5625,57969.5625,0,0,0,0,0,0,0,0,0,28686.75,28686.75,28686.75,0,0,0,0,0,0,88344.0058594,88344.0058594,88344.0058594,0,0,0,61892453.4121,4760957.95478,0,0,0,0,3067260.34766,88344.0058594,0,57969.5625,0,0,0,28686.75,0,0,0,0,52603.96875,61664849.125
716,734.354,17.633333333333333,24687.2753906,24687.2753906,24687.2753906,0,0,0,0,0,0,6926574.74219,6926574.74219,6926574.74219,0,0,0,166179035.166,9775237.36271,0,22032676.8203,22032676.8203,22032676.8203,0,0,0,0,0,0,136370256.75,136370256.75,136370256.75,0,0,0,697770.335938,697770.335938,697770.335938,0,0,0,127069.242188,127069.242188,127069.242188,0,0,0,0,0,0,159252460.424,12250189.2634,0,0,0,0,6926574.74219,0,0,0,24687.2753906,136370256.75,22032676.8203,697770.335938,127069.242188,0,0,0,0,0
103,735.332,25.516666666666666,2232793.53125,2232793.53125,2232793.53125,318825025.688,318825025.688,318825025.688,491584863.75,491584863.75,491584863.75,71383132.125,71383132.125,71383132.125,8422557.66406,8422557.66406,8422557.66406,931601146.434,54800067.4373,4328098.48828,6958380.0625,6958380.0625,6958380.0625,6010520.27344,6010520.27344,6010520.27344,0,0,0,4328098.48828,4328098.48828,4328098.48828,0,0,0,6708317.85156,6708317.85156,6708317.85156,0,0,0,3594029.25977,3594029.25977,3594029.25977,11553427.7402,11553427.7402,11553427.7402,0,0,0,860218014.309,66170616.4853,6010520.27344,0,0,0,71383132.125,11553427.7402,8422557.66406,6010520.27344,2232793.53125,4328098.48828,6958380.0625,6708317.85156,3594029.25977,0,0,0,491584863.75,318825025.688
870,736.297,11.65,122027.914062,122027.914062,122027.914062,0,0,0,0,0,0,88153254.0312,88153254.0312,88153254.0312,0,0,0,3965001114.81,233235359.695,0,3964884.53516,3964884.53516,3964884.53516,0,0,0,0,0,0,2318205.11523,2318205.11523,2318205.11523,0,0,0,3825472711.12,3825472711.12,3825472711.12,0,0,0,44970032.0938,44970032.0938,44970032.0938,0,0,0,0,0,0,3876847860.78,298219066.214,0,0,0,0,88153254.0312,0,0,0,122027.914062,2318205.11523,3964884.53516,3825472711.12,44970032.0938,0,0,0,0,0
957,736.297,8.266666666666667,0,0,0,0,0,0,0,0,0,144527856.754,144527856.754,144527856.754,0,0,0,3635977987.2,213881058.071,0,274962.966797,274962.966797,274962.966797,0,0,0,0,0,0,23614.4375,23614.4375,23614.4375,0,0,0,14784718.7305,14784718.7305,14784718.7305,0,0,0,3476366834.31,3476366834.31,3476366834.31,0,0,0,0,0,0,3491450130.45,268573086.957,0,0,0,0,144527856.754,0,0,0,0,23614.4375,274962.966797,14784718.7305,3476366834.31,0,0,0,0,0
59,736.298,12.033333333333333,447462.289062,447462.289062,447462.289062,0,0,0,0,0,0,130490169.625,130490169.625,130490169.625,0,0,0,650733023.84,38278413.167,0,2251719.79688,2251719.79688,2251719.79688,0,0,0,0,0,0,2597049.75391,2597049.75391,2597049.75391,0,0,0,460786530.75,460786530.75,460786530.75,0,0,0,54160091.625,54160091.625,54160091.625,0,0,0,0,0,0,520242854.215,40018681.0934,0,0,0,0,130490169.625,0,0,0,447462.289062,2597049.75391,2251719.79688,460786530.75,54160091.625,0,0,0,0,0
325,736.33,12.95,140572.390625,140572.390625,140572.390625,0,0,0,0,0,0,307589.472656,307589.472656,307589.472656,0,0,0,94268437.5547,5545202.2091,0,44353474.125,44353474.125,44353474.125,0,0,0,0,0,0,913869.015625,913869.015625,913869.015625,0,0,0,2455459.55078,2455459.55078,2455459.55078,0,0,0,46097473,46097473,46097473,0,0,0,0,0,0,93960848.082,7227757.54477,0,0,0,0,307589.472656,0,0,0,140572.390625,913869.015625,44353474.125,2455459.55078,46097473,0,0,0,0,0
912,737.28,11.2,745343.605469,745343.605469,745343.605469,0,0,0,0,0,0,1245583.95703,1245583.95703,1245583.95703,25150.9902344,25150.9902344,25150.9902344,151689172.229,8922892.48403,0,0,0,0,0,0,0,0,0,0,0,0,0,22988.390625,22988.390625,22988.390625,149620087.375,149620087.375,149620087.375,0,0,0,30017.9101562,30017.9101562,30017.9101562,0,0,0,0,0,0,150443588.271,11572583.7132,0,0,0,0,1245583.95703,0,25150.9902344,0,745343.605469,0,0,149620087.375,30017.9101562,22988.390625,0,0,0,0
649,737.28,14.316666666666666,0,0,0,0,0,0,0,0,0,860045.421875,860045.421875,860045.421875,0,0,0,39880131.2148,2345890.07146,0,573478.283203,573478.283203,573478.283203,0,0,0,0,0,0,38419247.125,38419247.125,38419247.125,0,0,0,27360.3847656,27360.3847656,27360.3847656,0,0,0,0,0,0,0,0,0,0,0,0,39020085.793,3001545.061,0,0,0,0,860045.421875,0,0,0,0,38419247.125,573478.283203,27360.3847656,0,0,0,0,0,0
185,737.295,8.25,0,0,0,0,0,0,0,0,0,56322191.25,56322191.25,56322191.25,0,0,0,1510765077.28,88868533.9578,0,48405.9082031,48405.9082031,48405.9082031,0,0,0,0,0,0,0,0,0,0,0,0,2158276.375,2158276.375,2158276.375,0,0,0,1452236203.75,1452236203.75,1452236203.75,0,0,0,0,0,0,1454442886.03,111880222.003,0,0,0,0,56322191.25,0,0,0,0,0,48405.9082031,2158276.375,1452236203.75,0,0,0,0,0
725,737.302,9.633333333333333,149681.433594,149681.433594,149681.433594,0,0,0,0,0,0,20735835.0117,20735835.0117,20735835.0117,0,0,0,389879685.879,22934099.1693,0,9019469.94531,9019469.94531,9019469.94531,0,0,0,0,0,0,350514864,350514864,350514864,0,0,0,5185652.72266,5185652.72266,5185652.72266,0,0,0,4274182.76562,4274182.76562,4274182.76562,0,0,0,0,0,0,369143850.867,28395680.8359,0,0,0,0,20735835.0117,0,0,0,149681.433594,350514864,9019469.94531,5185652.72266,4274182.76562,0,0,0,0,0
83,737.31,16.05,419206739,419206739,419206739,0,0,0,55905.8632812,55905.8632812,55905.8632812,323575006.938,323575006.938,323575006.938,7175124.28125,7175124.28125,7175124.28125,1540226890.62,90601581.8012,543360.363281,41702888.6875,41702888.6875,41702888.6875,692320667.625,692320667.625,692320667.625,0,0,0,28368658.2227,28368658.2227,28368658.2227,543360.363281,543360.363281,543360.363281,15819365.3984,15819365.3984,15819365.3984,0,0,0,11371938.5938,11371938.5938,11371938.5938,58108.0273438,58108.0273438,58108.0273438,29127.6210938,9709.20703125,0,1216622756.06,93586365.851,7175124.28125,29127.6210938,0,0,323575006.938,58108.0273438,7175124.28125,692320667.625,419206739,28368658.2227,41702888.6875,15819365.3984,11371938.5938,543360.363281,0,0,55905.8632812,0
559,737.31,16.666666666666668,9641009.56641,9641009.56641,9641009.56641,0,0,0,0,0,0,24607806.7969,24607806.7969,24607806.7969,5004583.08594,5004583.08594,5004583.08594,263863251.264,15521367.7214,0,674839.861328,674839.861328,674839.861328,223446406.875,223446406.875,223446406.875,0,0,0,87403.6269531,87403.6269531,87403.6269531,0,0,0,274523.925781,274523.925781,274523.925781,0,0,0,126677.525391,126677.525391,126677.525391,0,0,0,0,0,0,239255444.467,18404264.959,87403.6269531,0,0,0,24607806.7969,0,5004583.08594,223446406.875,9641009.56641,87403.6269531,674839.861328,274523.925781,126677.525391,0,0,0,0,0
537,737.31,18.383333333333333,3475841.30859,3475841.30859,3475841.30859,0,0,0,0,0,0,7459870.60938,7459870.60938,7459870.60938,11013393.2812,11013393.2812,11013393.2812,141297050.914,8311591.23024,0,642306.550781,642306.550781,642306.550781,118437531.562,118437531.562,118437531.562,0,0,0,156643.291016,156643.291016,156643.291016,0,0,0,81971.9296875,81971.9296875,81971.9296875,0,0,0,29492.3808594,29492.3808594,29492.3808594,0,0,0,0,0,0,133837180.305,10295167.7157,29492.3808594,0,0,0,7459870.60938,0,11013393.2812,118437531.562,3475841.30859,156643.291016,642306.550781,81971.9296875,29492.3808594,0,0,0,0,0
109,737.312,21.5,10975878.1094,10975878.1094,10975878.1094,1364079411.38,1364079411.38,1364079411.38,0,0,0,345082824.5,345082824.5,345082824.5,28309943.2812,28309943.2812,28309943.2812,2080038831.32,122355225.372,12984367.8203,29222527.7461,29222527.7461,29222527.7461,21239263.6094,21239263.6094,21239263.6094,0,0,0,14157095.2227,14157095.2227,14157095.2227,31552.2109375,31552.2109375,31552.2109375,16091828.1914,16091828.1914,16091828.1914,0,0,0,12984367.8203,12984367.8203,12984367.8203,237864139.25,237864139.25,237864139.25,0,0,0,1734956006.82,133458154.37,14157095.2227,0,0,0,345082824.5,237864139.25,28309943.2812,21239263.6094,10975878.1094,14157095.2227,29222527.7461,16091828.1914,12984367.8203,31552.2109375,0,0,0,1364079411.38
979,738.302,8.266666666666667,235631.097656,235631.097656,235631.097656,90328.6289062,90328.6289062,90328.6289062,104422.335938,104422.335938,104422.335938,15561991.1992,15561991.1992,15561991.1992,86605.3535156,86605.3535156,86605.3535156,417809513.289,24577030.1935,90328.6289062,71659.9375,71659.9375,71659.9375,183769.445312,183769.445312,183769.445312,79785.5390625,79785.5390625,79785.5390625,0,0,0,83776.6171875,83776.6171875,83776.6171875,1008932.39453,1008932.39453,1008932.39453,202002.357422,202002.357422,202002.357422,399786770.5,399786770.5,399786770.5,41183.4765625,41183.4765625,41183.4765625,272654.40625,90884.8020833,63454.625,401974867.684,30921143.668,90328.6289062,36096.59375,63454.625,173103.1875,15561991.1992,41183.4765625,86605.3535156,183769.445312,235631.097656,0,71659.9375,1008932.39453,399786770.5,83776.6171875,202002.357422,79785.5390625,104422.335938,90328.6289062
285,739.294,14.666666666666666,4705650.19531,4705650.19531,4705650.19531,0,0,0,0,0,0,14612986.4766,14612986.4766,14612986.4766,677331.755859,677331.755859,677331.755859,261542260.316,15384838.8421,0,3906843.33984,3906843.33984,3906843.33984,85004668.25,85004668.25,85004668.25,0,0,0,151414671,151414671,151414671,0,0,0,688616.162109,688616.162109,688616.162109,0,0,0,531493.136719,531493.136719,531493.136719,0,0,0,0,0,0,246929273.84,18994559.5261,531493.136719,0,0,0,14612986.4766,0,677331.755859,85004668.25,4705650.19531,151414671,3906843.33984,688616.162109,531493.136719,0,0,0,0,0
101,739.319,13.083333333333334,220271400.562,220271400.562,220271400.562,0,0,0,0,0,0,121741255.875,121741255.875,121741255.875,2974614.79688,2974614.79688,2974614.79688,465730276.064,27395898.592,0,18254172.2617,18254172.2617,18254172.2617,24410.0527344,24410.0527344,24410.0527344,0,0,0,94404281.4375,94404281.4375,94404281.4375,0,0,0,6027367.25391,6027367.25391,6027367.25391,0,0,0,2032773.82422,2032773.82422,2032773.82422,0,0,0,0,0,0,343989020.189,26460693.8607,24410.0527344,0,0,0,121741255.875,0,2974614.79688,24410.0527344,220271400.562,94404281.4375,18254172.2617,6027367.25391,2032773.82422,0,0,0,0,0
723,739.319,11.316666666666666,783541.853516,783541.853516,783541.853516,0,0,0,0,0,0,7057993.38281,7057993.38281,7057993.38281,0,0,0,139078697.35,8181099.84409,0,13288595.8828,13288595.8828,13288595.8828,0,0,0,0,0,0,115158946.25,115158946.25,115158946.25,0,0,0,2595414.13281,2595414.13281,2595414.13281,0,0,0,194205.847656,194205.847656,194205.847656,0,0,0,0,0,0,132020703.967,10155438.7667,0,0,0,0,7057993.38281,0,0,0,783541.853516,115158946.25,13288595.8828,2595414.13281,194205.847656,0,0,0,0,0
91,739.319,9.883333333333333,254630558.75,254630558.75,254630558.75,0,0,0,0,0,0,149068687.188,149068687.188,149068687.188,3489539.37109,3489539.37109,3489539.37109,494925021.934,29113236.5843,0,21433390.7344,21433390.7344,21433390.7344,35651.8515625,35651.8515625,35651.8515625,0,0,0,8869828.13281,8869828.13281,8869828.13281,0,0,0,53594482.625,53594482.625,53594482.625,0,0,0,3802883.28125,3802883.28125,3802883.28125,0,0,0,0,0,0,345856334.746,26604333.442,35651.8515625,0,0,0,149068687.188,0,3489539.37109,35651.8515625,254630558.75,8869828.13281,21433390.7344,53594482.625,3802883.28125,0,0,0,0,0
98,741.29,20.25,0,0,0,58105.9648438,58105.9648438,58105.9648438,0,0,0,146818323.875,146818323.875,146818323.875,92102850.5625,92102850.5625,92102850.5625,680730436.223,40042966.8366,54881.3984375,9238242.45703,9238242.45703,9238242.45703,0,0,0,0,0,0,5474039.90625,5474039.90625,5474039.90625,54881.3984375,54881.3984375,54881.3984375,1994990.11719,1994990.11719,1994990.11719,0,0,0,5362147.31641,5362147.31641,5362147.31641,419626854.625,419626854.625,419626854.625,0,0,0,533912112.348,41070162.4883,58105.9648438,0,0,0,146818323.875,419626854.625,92102850.5625,0,0,5474039.90625,9238242.45703,1994990.11719,5362147.31641,54881.3984375,0,0,0,58105.9648438
77,741.313,19.633333333333333,56455090.625,56455090.625,56455090.625,0,0,0,0,0,0,54401263,54401263,54401263,1985481.12891,1985481.12891,1985481.12891,950959901.844,55938817.7555,0,4717396.59766,4717396.59766,4717396.59766,825980242.312,825980242.312,825980242.312,0,0,0,5551153.8125,5551153.8125,5551153.8125,0,0,0,733887.089844,733887.089844,733887.089844,0,0,0,1135387.27734,1135387.27734,1135387.27734,0,0,0,0,0,0,896558638.844,68966049.1418,733887.089844,0,0,0,54401263,0,1985481.12891,825980242.312,56455090.625,5551153.8125,4717396.59766,733887.089844,1135387.27734,0,0,0,0,0
298,741.313,17.9,30206453.4414,30206453.4414,30206453.4414,0,0,0,0,0,0,32822731.4102,32822731.4102,32822731.4102,1370060.13281,1370060.13281,1370060.13281,395713405.369,23277259.1394,0,82792027.5625,82792027.5625,82792027.5625,5655205.0625,5655205.0625,5655205.0625,0,0,0,235888995.188,235888995.188,235888995.188,0,0,0,6659297.23828,6659297.23828,6659297.23828,0,0,0,318635.333984,318635.333984,318635.333984,0,0,0,0,0,0,362890673.959,27914667.2276,318635.333984,0,0,0,32822731.4102,0,1370060.13281,5655205.0625,30206453.4414,235888995.188,82792027.5625,6659297.23828,318635.333984,0,0,0,0,0
44,741.313,24.083333333333332,2544178.78125,2544178.78125,2544178.78125,0,0,0,0,0,0,124889429.25,124889429.25,124889429.25,559652344.688,559652344.688,559652344.688,1196033293.1,70354899.5942,2544178.78125,8234232.49023,8234232.49023,8234232.49023,19260455.4141,19260455.4141,19260455.4141,0,0,0,4628105.95312,4628105.95312,4628105.95312,0,0,0,5334106.30273,5334106.30273,5334106.30273,0,0,0,2566106.84766,2566106.84766,2566106.84766,468924333.375,468924333.375,468924333.375,0,0,0,1071143863.85,82395681.8347,2566106.84766,0,0,0,124889429.25,468924333.375,559652344.688,19260455.4141,2544178.78125,4628105.95312,8234232.49023,5334106.30273,2566106.84766,0,0,0,0,0
300,742.344,14.083333333333334,0,0,0,0,0,0,0,0,0,1870707.25391,1870707.25391,1870707.25391,0,0,0,110112748.914,6477220.52436,0,49940884,49940884,49940884,0,0,0,0,0,0,57730719.8125,57730719.8125,57730719.8125,0,0,0,570437.847656,570437.847656,570437.847656,0,0,0,0,0,0,0,0,0,0,0,0,108242041.66,8326310.89694,0,0,0,0,1870707.25391,0,0,0,0,57730719.8125,49940884,570437.847656,0,0,0,0,0,0
565,743.3,17.883333333333333,1552587.64062,1552587.64062,1552587.64062,0,0,0,0,0,0,3886770.36328,3886770.36328,3886770.36328,21221382.75,21221382.75,21221382.75,77548287.0039,4561663.94141,0,0,0,0,50887546.25,50887546.25,50887546.25,0,0,0,0,0,0,0,0,0,0,0,0,0,0,0,0,0,0,0,0,0,0,0,0,73661516.6406,5666270.51082,0,0,0,0,3886770.36328,0,21221382.75,50887546.25,1552587.64062,0,0,0,0,0,0,0,0,0
88,743.323,18.45,626727.242188,626727.242188,626727.242188,0,0,0,0,0,0,34121613.125,34121613.125,34121613.125,512028134,512028134,512028134,595239763.291,35014103.723,149425.28125,2310418.98242,2310418.98242,2310418.98242,41475320.375,41475320.375,41475320.375,0,0,0,1632073.09766,1632073.09766,1632073.09766,0,0,0,149425.28125,149425.28125,149425.28125,0,0,0,988397.390625,988397.390625,988397.390625,1907653.79688,1907653.79688,1907653.79688,0,0,0,561118150.166,43162934.6282,626727.242188,0,0,0,34121613.125,1907653.79688,512028134,41475320.375,626727.242188,1632073.09766,2310418.98242,149425.28125,988397.390625,0,0,0,0,0
918,744.319,11.333333333333334,0,0,0,23339.625,23339.625,23339.625,0,0,0,5541618.71289,5541618.71289,5541618.71289,0,0,0,322413273.473,18965486.6749,0,988648.193359,988648.193359,988648.193359,0,0,0,0,0,0,1084629.79297,1084629.79297,1084629.79297,0,0,0,306502806.625,306502806.625,306502806.625,0,0,0,8272230.52344,8272230.52344,8272230.52344,0,0,0,0,0,0,316871654.76,24374742.6738,0,0,0,0,5541618.71289,0,0,0,0,1084629.79297,988648.193359,306502806.625,8272230.52344,0,0,0,0,23339.625
856,744.32,10.1,0,0,0,0,0,0,0,0,0,7380232.6875,7380232.6875,7380232.6875,0,0,0,434671191.133,25568893.596,0,433595.011719,433595.011719,433595.011719,0,0,0,0,0,0,60822.9179688,60822.9179688,60822.9179688,0,0,0,425589798.5,425589798.5,425589798.5,0,0,0,1206742.01562,1206742.01562,1206742.01562,0,0,0,0,0,0,427290958.445,32868535.265,0,0,0,0,7380232.6875,0,0,0,0,60822.9179688,433595.011719,425589798.5,1206742.01562,0,0,0,0,0
980,744.32,8.95,0,0,0,0,0,0,0,0,0,31307045.5469,31307045.5469,31307045.5469,0,0,0,853843537.295,50226090.4291,0,346751.496094,346751.496094,346751.496094,0,0,0,0,0,0,236096.546875,236096.546875,236096.546875,0,0,0,1895871.58008,1895871.58008,1895871.58008,0,0,0,820057772.125,820057772.125,820057772.125,0,0,0,0,0,0,822536491.748,63272037.8268,0,0,0,0,31307045.5469,0,0,0,0,236096.546875,346751.496094,1895871.58008,820057772.125,0,0,0,0,0
135,745.318,22.2,284936.363281,284936.363281,284936.363281,29562.6582031,29562.6582031,29562.6582031,0,0,0,44446921.125,44446921.125,44446921.125,10537699.9844,10537699.9844,10537699.9844,314878610.039,18522271.1788,284936.363281,1822042.25195,1822042.25195,1822042.25195,1505661.26562,1505661.26562,1505661.26562,0,0,0,956711.605469,956711.605469,956711.605469,0,0,0,361012.873047,361012.873047,361012.873047,0,0,0,720964.412109,720964.412109,720964.412109,254213097.5,254213097.5,254213097.5,0,0,0,270431688.914,20802437.6088,361012.873047,0,0,0,44446921.125,254213097.5,10537699.9844,1505661.26562,284936.363281,956711.605469,1822042.25195,361012.873047,720964.412109,0,0,0,0,29562.6582031
686,747.259,11.2,0,0,0,0,0,0,0,0,0,10158149.8789,10158149.8789,10158149.8789,0,0,0,160300839.385,9429461.14028,0,3136025.19141,3136025.19141,3136025.19141,0,0,0,0,0,0,146093796.375,146093796.375,146093796.375,0,0,0,912867.939453,912867.939453,912867.939453,0,0,0,0,0,0,0,0,0,0,0,0,150142689.506,11549437.6543,0,0,0,0,10158149.8789,0,0,0,0,146093796.375,3136025.19141,912867.939453,0,0,0,0,0,0
329,747.282,10.283333333333333,0,0,0,0,0,0,0,0,0,2911297.82422,2911297.82422,2911297.82422,0,0,0,215166085.438,12656828.5551,0,104583741.25,104583741.25,104583741.25,0,0,0,0,0,0,4286052.58594,4286052.58594,4286052.58594,0,0,0,102718617.125,102718617.125,102718617.125,0,0,0,666376.652344,666376.652344,666376.652344,0,0,0,0,0,0,212254787.613,16327291.3549,0,0,0,0,2911297.82422,0,0,0,0,4286052.58594,104583741.25,102718617.125,666376.652344,0,0,0,0,0
704,747.321,11.35,56240.6953125,56240.6953125,56240.6953125,151289.712891,151289.712891,151289.712891,0,0,0,3034371.34766,3034371.34766,3034371.34766,960626.585938,960626.585938,960626.585938,54206728.4238,3188631.08375,33447.1679688,4066952.88281,4066952.88281,4066952.88281,1056421.89062,1056421.89062,1056421.89062,0,0,0,43875194.25,43875194.25,43875194.25,0,0,0,972183.890625,972183.890625,972183.890625,0,0,0,33447.1679688,33447.1679688,33447.1679688,0,0,0,0,0,0,51172357.0762,3936335.15971,56240.6953125,0,0,0,3034371.34766,0,960626.585938,1056421.89062,56240.6953125,43875194.25,4066952.88281,972183.890625,33447.1679688,0,0,0,0,151289.712891
134,747.321,12.883333333333333,108095996.875,108095996.875,108095996.875,0,0,0,0,0,0,60447046.3125,60447046.3125,60447046.3125,3043751.71875,3043751.71875,3043751.71875,181697915.416,10688112.6715,0,5763047.61328,5763047.61328,5763047.61328,0,0,0,0,0,0,3627359.875,3627359.875,3627359.875,0,0,0,589928.195312,589928.195312,589928.195312,0,0,0,130784.826172,130784.826172,130784.826172,0,0,0,0,0,0,121250869.104,9326989.93104,0,0,0,0,60447046.3125,0,3043751.71875,0,108095996.875,3627359.875,5763047.61328,589928.195312,130784.826172,0,0,0,0,0
104,748.333,15.633333333333333,9772113.46484,9772113.46484,9772113.46484,25817.5234375,25817.5234375,25817.5234375,0,0,0,50715402.25,50715402.25,50715402.25,3627326.47266,3627326.47266,3627326.47266,3802518395.24,223677552.661,25817.5234375,3408515247.69,3408515247.69,3408515247.69,6123137.30469,6123137.30469,6123137.30469,0,0,0,20824746.7969,20824746.7969,20824746.7969,0,0,0,296033036.375,296033036.375,296033036.375,0,0,0,6859765.19531,6859765.19531,6859765.19531,21802.1738281,21802.1738281,21802.1738281,0,0,0,3751802992.99,288600230.23,3627326.47266,0,0,0,50715402.25,21802.1738281,3627326.47266,6123137.30469,9772113.46484,20824746.7969,3408515247.69,296033036.375,6859765.19531,0,0,0,0,25817.5234375
857,748.349,7,0,0,0,0,0,0,0,0,0,3178895.26172,3178895.26172,3178895.26172,0,0,0,180684953.826,10628526.6957,0,0,0,0,24781.3964844,24781.3964844,24781.3964844,0,0,0,0,0,0,0,0,0,176060939.5,176060939.5,176060939.5,0,0,0,1420337.66797,1420337.66797,1420337.66797,0,0,0,0,0,0,177506058.564,13654312.1973,0,0,0,0,3178895.26172,0,0,24781.3964844,0,0,0,176060939.5,1420337.66797,0,0,0,0,0
183,749.34,20.5,17458166.6367,17458166.6367,17458166.6367,0,0,0,0,0,0,75357862.6875,75357862.6875,75357862.6875,2276844.9375,2276844.9375,2276844.9375,1424790992.62,83811234.8601,0,8705637.24609,8705637.24609,8705637.24609,1311679616.88,1311679616.88,1311679616.88,0,0,0,5853281.35547,5853281.35547,5853281.35547,0,0,0,1459562.16797,1459562.16797,1459562.16797,0,0,0,2000020.71484,2000020.71484,2000020.71484,0,0,0,0,0,0,1349433129.93,103802548.456,1459562.16797,0,0,0,75357862.6875,0,2276844.9375,1311679616.88,17458166.6367,5853281.35547,8705637.24609,1459562.16797,2000020.71484,0,0,0,0,0
39,750.348,17.333333333333332,67779.6386719,67779.6386719,67779.6386719,0,0,0,0,0,0,87741289.0625,87741289.0625,87741289.0625,0,0,0,5327861179.37,313403598.786,0,4467553613,4467553613,4467553613,4103895.42969,4103895.42969,4103895.42969,0,0,0,7667846.61328,7667846.61328,7667846.61328,0,0,0,672677545.5,672677545.5,672677545.5,0,0,0,88049210.125,88049210.125,88049210.125,0,0,0,0,0,0,5240119890.31,403086145.408,0,0,0,0,87741289.0625,0,0,4103895.42969,67779.6386719,7667846.61328,4467553613,672677545.5,88049210.125,0,0,0,0,0
114,750.348,15.1,856432.410156,856432.410156,856432.410156,0,0,0,0,0,0,116480656.875,116480656.875,116480656.875,0,0,0,3997147335.79,235126313.87,0,335679172.125,335679172.125,335679172.125,334034.246094,334034.246094,334034.246094,0,0,0,563641.068359,563641.068359,563641.068359,0,0,0,3507391117.06,3507391117.06,3507391117.06,0,0,0,35842281.998,35842281.998,35842281.998,0,0,0,0,0,0,3880666678.91,298512821.455,0,0,0,0,116480656.875,0,0,334034.246094,856432.410156,563641.068359,335679172.125,3507391117.06,35842281.998,0,0,0,0,0
326,750.349,16.75,3051825.39844,3051825.39844,3051825.39844,0,0,0,0,0,0,4700906.86719,4700906.86719,4700906.86719,0,0,0,539158756.242,31715220.9554,0,64169587.5625,64169587.5625,64169587.5625,0,0,0,0,0,0,6170116.46875,6170116.46875,6170116.46875,0,0,0,447921342.75,447921342.75,447921342.75,0,0,0,13144977.1953,13144977.1953,13144977.1953,0,0,0,0,0,0,534457849.375,41112142.2596,0,0,0,0,4700906.86719,0,0,0,3051825.39844,6170116.46875,64169587.5625,447921342.75,13144977.1953,0,0,0,0,0
62,751.328,19.783333333333335,4053373.20508,4053373.20508,4053373.20508,0,0,0,0,0,0,66258769.125,66258769.125,66258769.125,515838567.25,515838567.25,515838567.25,843132572.74,49596033.6906,794111.164062,5612054.84375,5612054.84375,5612054.84375,7616951.58594,7616951.58594,7616951.58594,0,0,0,5781764.73047,5781764.73047,5781764.73047,0,0,0,794111.164062,794111.164062,794111.164062,0,0,0,5282533.79688,5282533.79688,5282533.79688,231868820.375,231868820.375,231868820.375,25626.6640625,8542.22135417,0,776848176.951,59757552.0732,4053373.20508,0,25626.6640625,0,66258769.125,231868820.375,515838567.25,7616951.58594,4053373.20508,5781764.73047,5612054.84375,794111.164062,5282533.79688,0,0,0,0,0
424,751.328,20.85,1745435.33789,1745435.33789,1745435.33789,0,0,0,0,0,0,44327534.5469,44327534.5469,44327534.5469,683497672.75,683497672.75,683497672.75,787804113.066,46341418.4157,1745435.33789,5520074.95703,5520074.95703,5520074.95703,9797216.73438,9797216.73438,9797216.73438,24585.4726562,24585.4726562,24585.4726562,2453107.98633,2453107.98633,2453107.98633,0,0,0,4728303.19922,4728303.19922,4728303.19922,0,0,0,1819980.42578,1819980.42578,1819980.42578,33890201.6562,33890201.6562,33890201.6562,0,0,0,743476578.52,57190506.04,1819980.42578,0,0,0,44327534.5469,33890201.6562,683497672.75,9797216.73438,1745435.33789,2453107.98633,5520074.95703,4728303.19922,1819980.42578,0,0,24585.4726562,0,0
117,751.328,22.933333333333334,102091.431641,102091.431641,102091.431641,46806903.0625,46806903.0625,46806903.0625,0,0,0,7167797.78125,7167797.78125,7167797.78125,85115268.125,85115268.125,85115268.125,179399410.15,10552906.4794,34551.8085938,214843.021484,214843.021484,214843.021484,160628.105469,160628.105469,160628.105469,0,0,0,0,0,0,0,0,0,89379.9394531,89379.9394531,89379.9394531,0,0,0,34551.8085938,34551.8085938,34551.8085938,39707946.875,39707946.875,39707946.875,0,0,0,172231612.369,13248585.5669,89379.9394531,0,0,0,7167797.78125,39707946.875,85115268.125,160628.105469,102091.431641,0,214843.021484,89379.9394531,34551.8085938,0,0,0,0,46806903.0625
440,751.328,21.433333333333334,317000.917969,317000.917969,317000.917969,0,0,0,0,0,0,9443049.60156,9443049.60156,9443049.60156,129689275.75,129689275.75,129689275.75,173938556.645,10231679.8026,317000.917969,1248831.49414,1248831.49414,1248831.49414,3212048.69531,3212048.69531,3212048.69531,0,0,0,340489.318359,340489.318359,340489.318359,0,0,0,509359.128906,509359.128906,509359.128906,0,0,0,454694.269531,454694.269531,454694.269531,28723807.4688,28723807.4688,28723807.4688,0,0,0,164495507.043,12653500.5418,340489.318359,0,0,0,9443049.60156,28723807.4688,129689275.75,3212048.69531,317000.917969,340489.318359,1248831.49414,509359.128906,454694.269531,0,0,0,0,0
625,753.332,12.883333333333333,48639882.875,48639882.875,48639882.875,0,0,0,0,0,0,26770303.9531,26770303.9531,26770303.9531,457066.847656,457066.847656,457066.847656,86385729.4883,5081513.49931,0,6396098.45312,6396098.45312,6396098.45312,0,0,0,0,0,0,2472371.29688,2472371.29688,2472371.29688,0,0,0,1525704.04688,1525704.04688,1525704.04688,0,0,0,100158.753906,100158.753906,100158.753906,0,0,0,24143.2617188,8047.75390625,0,59591282.2734,4583944.79026,0,0,0,24143.2617188,26770303.9531,0,457066.847656,0,48639882.875,2472371.29688,6396098.45312,1525704.04688,100158.753906,0,0,0,0,0
1132,753.347,24.783333333333335,41760.1523438,41760.1523438,41760.1523438,267188022.812,267188022.812,267188022.812,0,0,0,16369232.1211,16369232.1211,16369232.1211,1049948.76562,1049948.76562,1049948.76562,288514977.221,16971469.2483,171006.767578,709637.097656,709637.097656,709637.097656,402649.332031,402649.332031,402649.332031,0,0,0,177307.191406,177307.191406,177307.191406,0,0,0,641883.507812,641883.507812,641883.507812,0,0,0,171006.767578,171006.767578,171006.767578,1763529.47266,1763529.47266,1763529.47266,0,0,0,272145745.1,20934288.0846,177307.191406,0,0,0,16369232.1211,1763529.47266,1049948.76562,402649.332031,41760.1523438,177307.191406,709637.097656,641883.507812,171006.767578,0,0,0,0,267188022.812
931,756.302,8.783333333333333,0,0,0,0,0,0,0,0,0,2440796.33594,2440796.33594,2440796.33594,0,0,0,74086537.0352,4358031.5903,0,107674.371094,107674.371094,107674.371094,0,0,0,0,0,0,0,0,0,0,0,0,23534.703125,23534.703125,23534.703125,0,0,0,71514531.625,71514531.625,71514531.625,0,0,0,0,0,0,71645740.6992,5511210.82302,0,0,0,0,2440796.33594,0,0,0,0,0,107674.371094,23534.703125,71514531.625,0,0,0,0,0
223,757.285,14.5,254898023.875,254898023.875,254898023.875,0,0,0,0,0,0,179828895.75,179828895.75,179828895.75,7277102.64062,7277102.64062,7277102.64062,492483213.885,28969600.8168,196267.011719,19797656.1621,19797656.1621,19797656.1621,587429.707031,587429.707031,587429.707031,0,0,0,16859394.7812,16859394.7812,16859394.7812,196267.011719,196267.011719,196267.011719,5922312.46094,5922312.46094,5922312.46094,0,0,0,7116131.49609,7116131.49609,7116131.49609,0,0,0,0,0,0,312654318.135,24050332.1642,587429.707031,0,0,0,179828895.75,0,7277102.64062,587429.707031,254898023.875,16859394.7812,19797656.1621,5922312.46094,7116131.49609,196267.011719,0,0,0,0
71,757.285,19.95,1969952.88867,1969952.88867,1969952.88867,3264796.35156,3264796.35156,3264796.35156,0,0,0,151101708.5,151101708.5,151101708.5,289415328.375,289415328.375,289415328.375,929652008.164,54685412.2449,3264796.35156,12925284.3789,12925284.3789,12925284.3789,7470294.60742,7470294.60742,7470294.60742,0,0,0,5686522.76172,5686522.76172,5686522.76172,0,0,0,10904268.5898,10904268.5898,10904268.5898,0,0,0,4414824.89844,4414824.89844,4414824.89844,442499026.812,442499026.812,442499026.812,0,0,0,778550299.664,59888484.5895,4414824.89844,0,0,0,151101708.5,442499026.812,289415328.375,7470294.60742,1969952.88867,5686522.76172,12925284.3789,10904268.5898,4414824.89844,0,0,0,0,3264796.35156
939,758.302,9.9,582548.785156,582548.785156,582548.785156,0,0,0,0,0,0,29713908.8672,29713908.8672,29713908.8672,0,0,0,920621299.119,54154194.0658,0,0,0,0,0,0,0,0,0,0,0,0,0,0,0,0,5978022.3418,5978022.3418,5978022.3418,0,0,0,884346819.125,884346819.125,884346819.125,0,0,0,0,0,0,890907390.252,68531337.7117,0,0,0,0,29713908.8672,0,0,0,582548.785156,0,0,5978022.3418,884346819.125,0,0,0,0,0
938,758.334,10.65,0,0,0,0,0,0,0,0,0,5512797.80469,5512797.80469,5512797.80469,0,0,0,199921476.801,11760086.8706,0,0,0,0,0,0,0,0,0,0,0,0,0,0,0,0,209162.746094,209162.746094,209162.746094,0,0,0,194199516.25,194199516.25,194199516.25,0,0,0,0,0,0,194408678.996,14954513.7689,0,0,0,0,5512797.80469,0,0,0,0,0,0,209162.746094,194199516.25,0,0,0,0,0
792,758.334,12.85,0,0,0,0,0,0,0,0,0,560594.96875,560594.96875,560594.96875,0,0,0,68804553.0469,4047326.64982,0,66069604.6875,66069604.6875,66069604.6875,0,0,0,0,0,0,0,0,0,0,0,0,2174353.39062,2174353.39062,2174353.39062,0,0,0,0,0,0,0,0,0,0,0,0,68243958.0781,5249535.23678,0,0,0,0,560594.96875,0,0,0,0,0,66069604.6875,2174353.39062,0,0,0,0,0,0
745,758.373,19.3,35542.1875,35542.1875,35542.1875,0,0,0,0,0,0,1384111.51562,1384111.51562,1384111.51562,0,0,0,144565023.402,8503824.90602,0,129129409.125,129129409.125,129129409.125,464155,464155,464155,0,0,0,9801162.16797,9801162.16797,9801162.16797,0,0,0,3660313.73438,3660313.73438,3660313.73438,0,0,0,90329.671875,90329.671875,90329.671875,0,0,0,0,0,0,143180911.887,11013916.299,0,0,0,0,1384111.51562,0,0,464155,35542.1875,9801162.16797,129129409.125,3660313.73438,90329.671875,0,0,0,0,0
144,758.373,17.45,94667847.375,94667847.375,94667847.375,0,0,0,0,0,0,50226585.875,50226585.875,50226585.875,673660.445312,673660.445312,673660.445312,166839542.588,9814090.74046,0,3326301.63281,3326301.63281,3326301.63281,0,0,0,0,0,0,15671445.9062,15671445.9062,15671445.9062,0,0,0,1115900.18164,1115900.18164,1115900.18164,0,0,0,1157801.17188,1157801.17188,1157801.17188,0,0,0,0,0,0,116612956.713,8970227.43945,0,0,0,0,50226585.875,0,673660.445312,0,94667847.375,15671445.9062,3326301.63281,1115900.18164,1157801.17188,0,0,0,0,0
615,758.373,20.95,64265592.5,64265592.5,64265592.5,0,0,0,0,0,0,31358525.4375,31358525.4375,31358525.4375,5212480.45312,5212480.45312,5212480.45312,117047722.09,6885160.12293,0,4301309.97656,4301309.97656,4301309.97656,8026696.48438,8026696.48438,8026696.48438,0,0,0,2515817.9375,2515817.9375,2515817.9375,0,0,0,737115.697266,737115.697266,737115.697266,0,0,0,630183.603516,630183.603516,630183.603516,0,0,0,0,0,0,85689196.6523,6591476.66556,630183.603516,0,0,0,31358525.4375,0,5212480.45312,8026696.48438,64265592.5,2515817.9375,4301309.97656,737115.697266,630183.603516,0,0,0,0,0
93,759.352,23.3,1334047.9668,1334047.9668,1334047.9668,819595548.375,819595548.375,819595548.375,0,0,0,64165062.875,64165062.875,64165062.875,7914607.88086,7914607.88086,7914607.88086,964418641.172,56730508.3042,2688071.52344,7593183.83398,7593183.83398,7593183.83398,2688071.52344,2688071.52344,2688071.52344,45623.3125,45623.3125,45623.3125,3827938.24609,3827938.24609,3827938.24609,0,0,0,7576986.75586,7576986.75586,7576986.75586,0,0,0,2753026.77734,2753026.77734,2753026.77734,46924543.625,46924543.625,46924543.625,0,0,0,900253578.297,69250275.2536,2753026.77734,0,0,0,64165062.875,46924543.625,7914607.88086,2688071.52344,1334047.9668,3827938.24609,7593183.83398,7576986.75586,2753026.77734,0,0,45623.3125,0,819595548.375
20,761.301,12.133333333333333,210091977.25,210091977.25,210091977.25,0,0,0,0,0,0,332795703.188,332795703.188,332795703.188,4320808.27734,4320808.27734,4320808.27734,3249407032.33,191141590.137,64196.8554688,826382262.125,826382262.125,826382262.125,64196.8554688,64196.8554688,64196.8554688,0,0,0,1612007252.5,1612007252.5,1612007252.5,157845.396484,157845.396484,157845.396484,242496657.25,242496657.25,242496657.25,0,0,0,21090329.4883,21090329.4883,21090329.4883,0,0,0,0,0,0,2916611329.14,224354717.626,157845.396484,0,0,0,332795703.188,0,4320808.27734,64196.8554688,210091977.25,1612007252.5,826382262.125,242496657.25,21090329.4883,157845.396484,0,0,0,0
110,761.301,13.416666666666666,285365618.5,285365618.5,285365618.5,0,0,0,26702.7480469,26702.7480469,26702.7480469,180968691.5,180968691.5,180968691.5,10088180.5781,10088180.5781,10088180.5781,713801171.072,41988304.1807,37512.5820312,175674232.25,175674232.25,175674232.25,170871.960938,170871.960938,170871.960938,0,0,0,47406706.1562,47406706.1562,47406706.1562,37512.5820312,37512.5820312,37512.5820312,9677988.20898,9677988.20898,9677988.20898,0,0,0,4384666.58789,4384666.58789,4384666.58789,0,0,0,0,0,0,532832479.572,40987113.8133,170871.960938,0,0,0,180968691.5,0,10088180.5781,170871.960938,285365618.5,47406706.1562,175674232.25,9677988.20898,4384666.58789,37512.5820312,0,0,26702.7480469,0
176,761.301,9.916666666666666,218017188.25,218017188.25,218017188.25,0,0,0,0,0,0,115595975.875,115595975.875,115595975.875,6850560.75781,6850560.75781,6850560.75781,383575890.873,22563287.6984,46567.078125,14370158.082,14370158.082,14370158.082,832930.029297,832930.029297,832930.029297,0,0,0,6712299.12109,6712299.12109,6712299.12109,46567.078125,46567.078125,46567.078125,3037382.82812,3037382.82812,3037382.82812,0,0,0,18112828.8516,18112828.8516,18112828.8516,0,0,0,0,0,0,267979914.998,20613839.6152,832930.029297,0,0,0,115595975.875,0,6850560.75781,832930.029297,218017188.25,6712299.12109,14370158.082,3037382.82812,18112828.8516,46567.078125,0,0,0,0
888,762.31,12.433333333333334,76295271.7656,76295271.7656,76295271.7656,0,0,0,0,0,0,158860208.5,158860208.5,158860208.5,1273411.07422,1273411.07422,1273411.07422,2148469264.3,126380544.959,0,201656715.562,201656715.562,201656715.562,0,0,0,0,0,0,475986467.625,475986467.625,475986467.625,27373.1601562,27373.1601562,27373.1601562,1217309061.38,1217309061.38,1217309061.38,0,0,0,17060755.2344,17060755.2344,17060755.2344,0,0,0,0,0,0,1989609055.8,153046850.446,27373.1601562,0,0,0,158860208.5,0,1273411.07422,0,76295271.7656,475986467.625,201656715.562,1217309061.38,17060755.2344,27373.1601562,0,0,0,0
751,762.35,18.05,480875.806641,480875.806641,480875.806641,0,0,0,0,0,0,1218641.93359,1218641.93359,1218641.93359,0,0,0,100133521.236,5890207.13155,0,91747643.125,91747643.125,91747643.125,0,0,0,27007.1132812,27007.1132812,27007.1132812,5268483.53516,5268483.53516,5268483.53516,0,0,0,1365446.55469,1365446.55469,1365446.55469,0,0,0,0,0,0,25423.1679688,25423.1679688,25423.1679688,0,0,0,98914879.3027,7608836.86944,0,0,0,0,1218641.93359,25423.1679688,0,0,480875.806641,5268483.53516,91747643.125,1365446.55469,0,0,0,27007.1132812,0,0
438,763.329,21.433333333333334,59608.5996094,59608.5996094,59608.5996094,0,0,0,0,0,0,2071957.44922,2071957.44922,2071957.44922,80480007.25,80480007.25,80480007.25,85007982.7285,5000469.57227,0,98753.6601562,98753.6601562,98753.6601562,1603187.42969,1603187.42969,1603187.42969,0,0,0,23617.296875,23617.296875,23617.296875,0,0,0,0,0,0,0,0,0,0,0,0,670851.042969,670851.042969,670851.042969,0,0,0,82936025.2793,6379694.25225,0,0,0,0,2071957.44922,670851.042969,80480007.25,1603187.42969,59608.5996094,23617.296875,98753.6601562,0,0,0,0,0,0,0
338,764.326,13.783333333333333,0,0,0,0,0,0,0,0,0,11254965.418,11254965.418,11254965.418,0,0,0,1413075650.27,83122097.0747,0,1131650122.94,1131650122.94,1131650122.94,0,0,0,0,0,0,9498459.99219,9498459.99219,9498459.99219,0,0,0,251240235.375,251240235.375,251240235.375,0,0,0,9431866.54688,9431866.54688,9431866.54688,0,0,0,0,0,0,1401820684.85,107832360.373,0,0,0,0,11254965.418,0,0,0,0,9498459.99219,1131650122.94,251240235.375,9431866.54688,0,0,0,0,0
126,764.326,14.966666666666667,0,0,0,0,0,0,0,0,0,6521751.64844,6521751.64844,6521751.64844,883441.0625,883441.0625,883441.0625,370845758.195,21814456.3644,0,226928984.125,226928984.125,226928984.125,0,0,0,0,0,0,8511389.79688,8511389.79688,8511389.79688,0,0,0,70805698.5625,70805698.5625,70805698.5625,0,0,0,57194493,57194493,57194493,0,0,0,0,0,0,364324006.547,28024923.5805,0,0,0,0,6521751.64844,0,883441.0625,0,0,8511389.79688,226928984.125,70805698.5625,57194493,0,0,0,0,0
216,764.326,11.683333333333334,0,0,0,0,0,0,0,0,0,73756900.3125,73756900.3125,73756900.3125,228616.730469,228616.730469,228616.730469,2049598428.4,120564613.435,0,31618.5390625,31618.5390625,31618.5390625,0,0,0,0,0,0,0,0,0,0,0,0,4746503.31641,4746503.31641,4746503.31641,0,0,0,1970834789.5,1970834789.5,1970834789.5,0,0,0,0,0,0,1975841528.09,151987809.853,0,0,0,0,73756900.3125,0,228616.730469,0,0,0,31618.5390625,4746503.31641,1970834789.5,0,0,0,0,0
82,764.326,16.533333333333335,93977697.75,93977697.75,93977697.75,0,0,0,0,0,0,63281780.75,63281780.75,63281780.75,1010054.70117,1010054.70117,1010054.70117,376576764.396,22151574.3763,0,19548094.8125,19548094.8125,19548094.8125,0,0,0,0,0,0,188554702,188554702,188554702,0,0,0,6858069.04688,6858069.04688,6858069.04688,0,0,0,3346365.33594,3346365.33594,3346365.33594,0,0,0,0,0,0,313294983.646,24099614.1267,0,0,0,0,63281780.75,0,1010054.70117,0,93977697.75,188554702,19548094.8125,6858069.04688,3346365.33594,0,0,0,0,0
805,764.366,16.816666666666666,0,0,0,0,0,0,0,0,0,916216.464844,916216.464844,916216.464844,0,0,0,239771388.594,14104199.329,0,7138100.07031,7138100.07031,7138100.07031,0,0,0,0,0,0,93211.34375,93211.34375,93211.34375,0,0,0,231344932.875,231344932.875,231344932.875,0,0,0,278927.839844,278927.839844,278927.839844,0,0,0,0,0,0,238855172.129,18373474.7791,0,0,0,0,916216.464844,0,0,0,0,93211.34375,7138100.07031,231344932.875,278927.839844,0,0,0,0,0
324,764.366,19.566666666666666,0,0,0,0,0,0,0,0,0,1172484.48047,1172484.48047,1172484.48047,0,0,0,453351009.346,26667706.4321,0,383545442.375,383545442.375,383545442.375,0,0,0,0,0,0,215361.449219,215361.449219,215361.449219,0,0,0,66679691.875,66679691.875,66679691.875,0,0,0,1738029.16602,1738029.16602,1738029.16602,0,0,0,0,0,0,452178524.865,34782963.4512,0,0,0,0,1172484.48047,0,0,0,0,215361.449219,383545442.375,66679691.875,1738029.16602,0,0,0,0,0
909,764.366,17.55,0,0,0,0,0,0,0,0,0,235470.800781,235470.800781,235470.800781,0,0,0,52639612.7266,3096447.80744,0,1002940.05078,1002940.05078,1002940.05078,0,0,0,0,0,0,0,0,0,0,0,0,51401201.875,51401201.875,51401201.875,0,0,0,0,0,0,0,0,0,0,0,0,52404141.9258,4031087.84044,0,0,0,0,235470.800781,0,0,0,0,0,1002940.05078,51401201.875,0,0,0,0,0,0
11,765.309,19.1,36716051.375,36716051.375,36716051.375,0,0,0,0,0,0,342201035.875,342201035.875,342201035.875,1777666131.19,1777666131.19,1777666131.19,2626569454,154504085.53,23900821.457,55586489,55586489,55586489,212449090.25,212449090.25,212449090.25,204917.898438,204917.898438,204917.898438,37489945.9062,37489945.9062,37489945.9062,521444.804688,521444.804688,521444.804688,46845602,46845602,46845602,0,0,0,23900821.457,23900821.457,23900821.457,92987924.25,92987924.25,92987924.25,0,0,0,2284368418.13,175720647.548,36716051.375,0,0,0,342201035.875,92987924.25,1777666131.19,212449090.25,36716051.375,37489945.9062,55586489,46845602,23900821.457,521444.804688,0,204917.898438,0,0
304,765.309,15.25,0,0,0,0,0,0,0,0,0,5984061.90625,5984061.90625,5984061.90625,349478.265625,349478.265625,349478.265625,234985698.203,13822688.1296,0,127314532.625,127314532.625,127314532.625,0,0,0,0,0,0,100906848.25,100906848.25,100906848.25,0,0,0,430777.15625,430777.15625,430777.15625,0,0,0,0,0,0,0,0,0,0,0,0,229001636.297,17615510.4844,0,0,0,0,5984061.90625,0,349478.265625,0,0,100906848.25,127314532.625,430777.15625,0,0,0,0,0,0
987,765.333,11.683333333333334,0,0,0,0,0,0,0,0,0,33987717.582,33987717.582,33987717.582,0,0,0,910507135.512,53559243.2654,0,923952.566406,923952.566406,923952.566406,0,0,0,0,0,0,0,0,0,0,0,0,3138543.11328,3138543.11328,3138543.11328,0,0,0,872456922.25,872456922.25,872456922.25,0,0,0,0,0,0,876519417.93,67424570.61,0,0,0,0,33987717.582,0,0,0,0,0,923952.566406,3138543.11328,872456922.25,0,0,0,0,0
759,765.333,10.45,0,0,0,0,0,0,0,0,0,1599207.1875,1599207.1875,1599207.1875,0,0,0,169653512.467,9979618.3804,0,164153414,164153414,164153414,0,0,0,0,0,0,53939.9726562,53939.9726562,53939.9726562,0,0,0,3486366.61719,3486366.61719,3486366.61719,0,0,0,360584.689453,360584.689453,360584.689453,0,0,0,0,0,0,168054305.279,12927254.2523,0,0,0,0,1599207.1875,0,0,0,0,53939.9726562,164153414,3486366.61719,360584.689453,0,0,0,0,0
1003,766.302,8.95,0,0,0,0,0,0,0,0,0,22103543.1445,22103543.1445,22103543.1445,0,0,0,240190056.967,14128826.8804,0,85942.1484375,85942.1484375,85942.1484375,26344.4257812,26344.4257812,26344.4257812,0,0,0,79196.1816406,79196.1816406,79196.1816406,0,0,0,548086.441406,548086.441406,548086.441406,0,0,0,217346944.625,217346944.625,217346944.625,0,0,0,0,0,0,218086513.822,16775885.6786,0,0,0,0,22103543.1445,0,0,26344.4257812,0,79196.1816406,85942.1484375,548086.441406,217346944.625,0,0,0,0,0
123,766.339,11.583333333333334,0,0,0,0,0,0,0,0,0,21479302.8496,21479302.8496,21479302.8496,0,0,0,1610250458.38,94720615.1989,0,1311765052.25,1311765052.25,1311765052.25,0,0,0,0,0,0,32711820.125,32711820.125,32711820.125,0,0,0,6624395.78125,6624395.78125,6624395.78125,0,0,0,237669887.375,237669887.375,237669887.375,0,0,0,0,0,0,1588771155.53,122213165.81,0,0,0,0,21479302.8496,0,0,0,0,32711820.125,1311765052.25,6624395.78125,237669887.375,0,0,0,0,0
574,767.321,18.1,5140516.64453,5140516.64453,5140516.64453,0,0,0,0,0,0,18751231.5078,18751231.5078,18751231.5078,20183622.5898,20183622.5898,20183622.5898,304417988.914,17906940.5244,0,1911592.05469,1911592.05469,1911592.05469,256383130.875,256383130.875,256383130.875,0,0,0,801634.953125,801634.953125,801634.953125,0,0,0,1156696.67969,1156696.67969,1156696.67969,0,0,0,89563.609375,89563.609375,89563.609375,0,0,0,0,0,0,285666757.406,21974365.9543,89563.609375,0,0,0,18751231.5078,0,20183622.5898,256383130.875,5140516.64453,801634.953125,1911592.05469,1156696.67969,89563.609375,0,0,0,0,0
648,767.321,14.033333333333333,22947263.0625,22947263.0625,22947263.0625,0,0,0,0,0,0,10514382.5391,10514382.5391,10514382.5391,886763.429688,886763.429688,886763.429688,79372657.1406,4668979.8318,0,1553914.51562,1553914.51562,1553914.51562,0,0,0,0,0,0,40969975.875,40969975.875,40969975.875,0,0,0,1410613.82812,1410613.82812,1410613.82812,0,0,0,1089743.89062,1089743.89062,1089743.89062,0,0,0,0,0,0,68858274.6016,5296790.35397,0,0,0,0,10514382.5391,0,886763.429688,0,22947263.0625,40969975.875,1553914.51562,1410613.82812,1089743.89062,0,0,0,0,0
14,767.345,14.5,1234335424.56,1234335424.56,1234335424.56,0,0,0,185181.898438,185181.898438,185181.898438,763914005.25,763914005.25,763914005.25,18055835.0859,18055835.0859,18055835.0859,2231482109.69,131263653.511,225819.912109,90407044.375,90407044.375,90407044.375,1349915.00781,1349915.00781,1349915.00781,0,0,0,39716168.5625,39716168.5625,39716168.5625,225819.912109,225819.912109,225819.912109,69152218.875,69152218.875,69152218.875,26811.5703125,26811.5703125,26811.5703125,14113684.5898,14113684.5898,14113684.5898,0,0,0,0,0,0,1467568104.44,112889854.188,1349915.00781,0,0,0,763914005.25,0,18055835.0859,1349915.00781,1234335424.56,39716168.5625,90407044.375,69152218.875,14113684.5898,225819.912109,26811.5703125,0,185181.898438,0
52,767.345,18.8,68296137.1875,68296137.1875,68296137.1875,0,0,0,0,0,0,82778376.75,82778376.75,82778376.75,0,0,0,1185276413.79,69722141.9874,0,6781881.96875,6781881.96875,6781881.96875,1019523737.25,1019523737.25,1019523737.25,0,0,0,5529769.98828,5529769.98828,5529769.98828,0,0,0,865460.796875,865460.796875,865460.796875,0,0,0,1501049.84375,1501049.84375,1501049.84375,0,0,0,0,0,0,1102498037.04,84807541.3104,0,0,0,0,82778376.75,0,0,1019523737.25,68296137.1875,5529769.98828,6781881.96875,865460.796875,1501049.84375,0,0,0,0,0
664,768.334,20.7,0,0,0,1717580.60938,1717580.60938,1717580.60938,0,0,0,6207312.42578,6207312.42578,6207312.42578,0,0,0,194870139.568,11462949.3864,0,30417488.1797,30417488.1797,30417488.1797,0,0,0,0,0,0,155460049.562,155460049.562,155460049.562,0,0,0,972116.929688,972116.929688,972116.929688,0,0,0,95591.8613281,95591.8613281,95591.8613281,0,0,0,0,0,0,188662827.143,14512525.1648,0,0,0,0,6207312.42578,0,0,0,0,155460049.562,30417488.1797,972116.929688,95591.8613281,0,0,0,0,1717580.60938
53,769.317,27.3,537408.0625,537408.0625,537408.0625,261120097.125,261120097.125,261120097.125,208330200.75,208330200.75,208330200.75,23456420.75,23456420.75,23456420.75,2667636.99219,2667636.99219,2667636.99219,506321821.838,29783636.5787,814623.800781,1825160.94141,1825160.94141,1825160.94141,1560122.64453,1560122.64453,1560122.64453,0,0,0,597456.111328,597456.111328,597456.111328,0,0,0,1400298.86328,1400298.86328,1400298.86328,0,0,0,814623.800781,814623.800781,814623.800781,4012395.79688,4012395.79688,4012395.79688,0,0,0,482865401.088,37143492.3914,1400298.86328,0,0,0,23456420.75,4012395.79688,2667636.99219,1560122.64453,537408.0625,597456.111328,1825160.94141,1400298.86328,814623.800781,0,0,0,208330200.75,261120097.125
393,771.337,22.416666666666668,0,0,0,6660067.04688,6660067.04688,6660067.04688,0,0,0,9595948.35547,9595948.35547,9595948.35547,427826.195312,427826.195312,427826.195312,71607406.2617,4212200.36834,29501.3203125,386052.832031,386052.832031,386052.832031,120462.125,120462.125,120462.125,0,0,0,29501.3203125,29501.3203125,29501.3203125,0,0,0,85076.1914062,85076.1914062,85076.1914062,0,0,0,88724.7578125,88724.7578125,88724.7578125,54213747.4375,54213747.4375,54213747.4375,0,0,0,62011457.9062,4770112.14663,85076.1914062,0,0,0,9595948.35547,54213747.4375,427826.195312,120462.125,0,29501.3203125,386052.832031,85076.1914062,88724.7578125,0,0,0,0,6660067.04688
1125,771.337,23.983333333333334,0,0,0,57461104.875,57461104.875,57461104.875,0,0,0,2345188.32031,2345188.32031,2345188.32031,79079.3984375,79079.3984375,79079.3984375,62054685.4277,3650275.6134,0,0,0,0,144054.248047,144054.248047,144054.248047,0,0,0,0,0,0,0,0,0,0,0,0,0,0,0,0,0,0,2025258.58594,2025258.58594,2025258.58594,0,0,0,59709497.1074,4593038.23903,0,0,0,0,2345188.32031,2025258.58594,79079.3984375,144054.248047,0,0,0,0,0,0,0,0,0,57461104.875
1149,771.354,24.366666666666667,0,0,0,50324582.1875,50324582.1875,50324582.1875,0,0,0,2949145.00781,2949145.00781,2949145.00781,1702849.32031,1702849.32031,1702849.32031,56233190.2539,3307834.72082,0,0,0,0,0,0,0,0,0,0,0,0,0,0,0,0,32616.0351562,32616.0351562,32616.0351562,0,0,0,0,0,0,1223997.70312,1223997.70312,1223997.70312,0,0,0,53284045.2461,4098772.71124,0,0,0,0,2949145.00781,1223997.70312,1702849.32031,0,0,0,0,32616.0351562,0,0,0,0,0,50324582.1875
1120,771.36,24.8,70356.8847656,70356.8847656,70356.8847656,276779096.625,276779096.625,276779096.625,0,0,0,16973237.5801,16973237.5801,16973237.5801,1168488.26172,1168488.26172,1168488.26172,298915545.699,17583267.3941,70356.8847656,844358.318359,844358.318359,844358.318359,659571.109375,659571.109375,659571.109375,0,0,0,331903.867188,331903.867188,331903.867188,0,0,0,740883.875,740883.875,740883.875,0,0,0,47417.640625,47417.640625,47417.640625,1300231.53711,1300231.53711,1300231.53711,0,0,0,281942308.119,21687869.8553,331903.867188,0,0,0,16973237.5801,1300231.53711,1168488.26172,659571.109375,70356.8847656,331903.867188,844358.318359,740883.875,47417.640625,0,0,0,0,276779096.625
217,771.36,25.583333333333332,559659.84375,559659.84375,559659.84375,1125876473.12,1125876473.12,1125876473.12,0,0,0,69303047.3125,69303047.3125,69303047.3125,5035117.56641,5035117.56641,5035117.56641,1224915811.89,72053871.2876,1459274.375,3569346.91797,3569346.91797,3569346.91797,3608174.67188,3608174.67188,3608174.67188,0,0,0,1784922.60547,1784922.60547,1784922.60547,0,0,0,2835011.38281,2835011.38281,2835011.38281,0,0,0,1459274.375,1459274.375,1459274.375,10884784.0879,10884784.0879,10884784.0879,0,0,0,1155612764.58,88893289.5828,1784922.60547,0,0,0,69303047.3125,10884784.0879,5035117.56641,3608174.67188,559659.84375,1784922.60547,3569346.91797,2835011.38281,1459274.375,0,0,0,0,1125876473.12
830,772.317,9.95,0,0,0,0,0,0,0,0,0,348736.28125,348736.28125,348736.28125,0,0,0,104164693.828,6127334.93107,0,0,0,0,0,0,0,0,0,0,0,0,0,0,0,0,103553328.375,103553328.375,103553328.375,0,0,0,262629.171875,262629.171875,262629.171875,0,0,0,0,0,0,103815957.547,7985842.88822,0,0,0,0,348736.28125,0,0,0,0,0,0,103553328.375,262629.171875,0,0,0,0,0
814,772.326,14.933333333333334,0,0,0,0,0,0,0,0,0,4959864.34375,4959864.34375,4959864.34375,0,0,0,227124984.957,13360293.2328,0,21697580.5078,21697580.5078,21697580.5078,0,0,0,0,0,0,0,0,0,0,0,0,198667229.062,198667229.062,198667229.062,0,0,0,1800311.04297,1800311.04297,1800311.04297,0,0,0,0,0,0,222165120.613,17089624.6626,0,0,0,0,4959864.34375,0,0,0,0,0,21697580.5078,198667229.062,1800311.04297,0,0,0,0,0
317,772.328,17.266666666666666,0,0,0,0,0,0,0,0,0,16315084.3672,16315084.3672,16315084.3672,0,0,0,466286791.586,27428634.7992,0,299315317.25,299315317.25,299315317.25,0,0,0,0,0,0,0,0,0,0,0,0,126620316,126620316,126620316,0,0,0,24036073.9688,24036073.9688,24036073.9688,0,0,0,0,0,0,449971707.219,34613208.2476,0,0,0,0,16315084.3672,0,0,0,0,0,299315317.25,126620316,24036073.9688,0,0,0,0,0
141,772.35,15.45,25511235.4375,25511235.4375,25511235.4375,0,0,0,0,0,0,43414751.375,43414751.375,43414751.375,0,0,0,989095742.031,58182102.4724,0,32111739.5,32111739.5,32111739.5,0,0,0,0,0,0,875649438.375,875649438.375,875649438.375,22532.3554688,22532.3554688,22532.3554688,11210953.9688,11210953.9688,11210953.9688,0,0,0,1175091.01953,1175091.01953,1175091.01953,0,0,0,0,0,0,945680990.656,72744691.5889,0,0,0,0,43414751.375,0,0,0,25511235.4375,875649438.375,32111739.5,11210953.9688,1175091.01953,22532.3554688,0,0,0,0
311,774.367,14.783333333333333,0,0,0,0,0,0,0,0,0,214845.066406,214845.066406,214845.066406,0,0,0,214007951,12588703,0,1614812.05859,1614812.05859,1614812.05859,0,0,0,0,0,0,106331435,106331435,106331435,0,0,0,105846858.875,105846858.875,105846858.875,0,0,0,0,0,0,0,0,0,0,0,0,213793105.934,16445623.5334,0,0,0,0,214845.066406,0,0,0,0,106331435,1614812.05859,105846858.875,0,0,0,0,0,0
735,774.367,12.2,0,0,0,0,0,0,0,0,0,12256629.8359,12256629.8359,12256629.8359,0,0,0,872827129.148,51342772.3028,0,820760952.938,820760952.938,820760952.938,0,0,0,0,0,0,18901550.0625,18901550.0625,18901550.0625,0,0,0,18061847.3516,18061847.3516,18061847.3516,0,0,0,2846148.96094,2846148.96094,2846148.96094,0,0,0,0,0,0,860570499.312,66197730.7163,0,0,0,0,12256629.8359,0,0,0,0,18901550.0625,820760952.938,18061847.3516,2846148.96094,0,0,0,0,0
244,775.294,24.966666666666665,67177.8242188,67177.8242188,67177.8242188,0,0,0,0,0,0,4485922.98828,4485922.98828,4485922.98828,32144867.5,32144867.5,32144867.5,69482721.9785,4087218.93991,0,149965.398438,149965.398438,149965.398438,892177.558594,892177.558594,892177.558594,0,0,0,99625.1972656,99625.1972656,99625.1972656,0,0,0,70080.5117188,70080.5117188,70080.5117188,0,0,0,0,0,0,31572905,31572905,31572905,0,0,0,64996798.9902,4999753.76848,67177.8242188,0,0,0,4485922.98828,31572905,32144867.5,892177.558594,67177.8242188,99625.1972656,149965.398438,70080.5117188,0,0,0,0,0,0
567,775.294,16.95,0,0,0,0,0,0,0,0,0,1382268.97656,1382268.97656,1382268.97656,0,0,0,59588631.7715,3505213.63362,0,27626.1210938,27626.1210938,27626.1210938,58088247,58088247,58088247,0,0,0,53480.9863281,53480.9863281,53480.9863281,0,0,0,37008.6875,37008.6875,37008.6875,0,0,0,0,0,0,0,0,0,0,0,0,58206362.7949,4477412.52269,0,0,0,0,1382268.97656,0,0,58088247,0,53480.9863281,27626.1210938,37008.6875,0,0,0,0,0,0
753,776.329,14.233333333333333,197424.109375,197424.109375,197424.109375,0,0,0,0,0,0,5843894.05469,5843894.05469,5843894.05469,279396.978516,279396.978516,279396.978516,470175331.162,27657372.4213,0,442306888,442306888,442306888,0,0,0,0,0,0,12770110.5156,12770110.5156,12770110.5156,0,0,0,7916251.76562,7916251.76562,7916251.76562,0,0,0,861365.738281,861365.738281,861365.738281,0,0,0,0,0,0,464331437.107,35717802.8544,0,0,0,0,5843894.05469,0,279396.978516,0,197424.109375,12770110.5156,442306888,7916251.76562,861365.738281,0,0,0,0,0
691,776.363,22.2,24181282.9375,24181282.9375,24181282.9375,0,0,0,0,0,0,9004923.26953,9004923.26953,9004923.26953,82473.5078125,82473.5078125,82473.5078125,76271419.6309,4486554.09593,0,2643700.94531,2643700.94531,2643700.94531,0,0,0,0,0,0,39470507,39470507,39470507,0,0,0,704153.623047,704153.623047,704153.623047,0,0,0,184378.347656,184378.347656,184378.347656,0,0,0,0,0,0,67266496.3613,5174345.87395,0,0,0,0,9004923.26953,0,82473.5078125,0,24181282.9375,39470507,2643700.94531,704153.623047,184378.347656,0,0,0,0,0
736,777.296,7.566666666666666,0,0,0,0,0,0,0,0,0,46800674.4062,46800674.4062,46800674.4062,0,0,0,690261976.441,40603645.673,0,269947791.375,269947791.375,269947791.375,0,0,0,0,0,0,336376235,336376235,336376235,30771.6484375,30771.6484375,30771.6484375,34921864.875,34921864.875,34921864.875,0,0,0,2184639.13672,2184639.13672,2184639.13672,0,0,0,0,0,0,643461302.035,49497023.2335,0,0,0,0,46800674.4062,0,0,0,0,336376235,269947791.375,34921864.875,2184639.13672,30771.6484375,0,0,0,0
314,777.296,7,0,0,0,0,0,0,0,0,0,3623471.04688,3623471.04688,3623471.04688,0,0,0,321026178.727,18883892.8663,0,251573708.344,251573708.344,251573708.344,0,0,0,0,0,0,27549.6757812,27549.6757812,27549.6757812,0,0,0,65046627.5,65046627.5,65046627.5,0,0,0,754822.160156,754822.160156,754822.160156,0,0,0,0,0,0,317402707.68,24415592.8984,0,0,0,0,3623471.04688,0,0,0,0,27549.6757812,251573708.344,65046627.5,754822.160156,0,0,0,0,0
917,778.304,12.766666666666667,105487.820312,105487.820312,105487.820312,0,0,0,0,0,0,20486009.2266,20486009.2266,20486009.2266,0,0,0,954825153.947,56166185.5263,0,19671459.0742,19671459.0742,19671459.0742,0,0,0,0,0,0,29930319.2109,29930319.2109,29930319.2109,0,0,0,872979181.688,872979181.688,872979181.688,0,0,0,11629369.0879,11629369.0879,11629369.0879,0,0,0,23327.8398438,7775.94661458,0,934315816.881,71870447.4524,0,0,23327.8398438,0,20486009.2266,0,0,0,105487.820312,29930319.2109,19671459.0742,872979181.688,11629369.0879,0,0,0,0,0
1024,778.304,9.516666666666667,0,0,0,0,0,0,0,0,0,4060601.23828,4060601.23828,4060601.23828,0,0,0,145482214.814,8557777.34203,0,1005272.38086,1005272.38086,1005272.38086,0,0,0,0,0,0,0,0,0,0,0,0,915170.46875,915170.46875,915170.46875,0,0,0,139473464.25,139473464.25,139473464.25,0,0,0,27706.4765625,9235.4921875,0,141393907.1,10876454.3923,0,0,0,27706.4765625,4060601.23828,0,0,0,0,0,1005272.38086,915170.46875,139473464.25,0,0,0,0,0
225,779.323,21.35,869634.306641,869634.306641,869634.306641,0,0,0,0,0,0,55467737.875,55467737.875,55467737.875,17428018.9219,17428018.9219,17428018.9219,372703062.07,21923709.5335,869634.306641,5834432.17578,5834432.17578,5834432.17578,4470754.49609,4470754.49609,4470754.49609,0,0,0,2322471.59375,2322471.59375,2322471.59375,0,0,0,2187447.73633,2187447.73633,2187447.73633,0,0,0,2161318.83984,2161318.83984,2161318.83984,281961246.125,281961246.125,281961246.125,0,0,0,317235324.195,24402717.2458,2161318.83984,0,0,0,55467737.875,281961246.125,17428018.9219,4470754.49609,869634.306641,2322471.59375,5834432.17578,2187447.73633,2161318.83984,0,0,0,0,0
247,779.323,23.55,0,0,0,38785698.25,38785698.25,38785698.25,0,0,0,16364063.25,16364063.25,16364063.25,434946.916016,434946.916016,434946.916016,153921368.826,9054198.16625,63647.8828125,572278.152344,572278.152344,572278.152344,63647.8828125,63647.8828125,63647.8828125,0,0,0,345093.642578,345093.642578,345093.642578,0,0,0,396138.476562,396138.476562,396138.476562,0,0,0,244026.630859,244026.630859,244026.630859,96715475.625,96715475.625,96715475.625,0,0,0,137557305.576,10581331.1982,244026.630859,0,0,0,16364063.25,96715475.625,434946.916016,63647.8828125,0,345093.642578,572278.152344,396138.476562,244026.630859,0,0,0,0,38785698.25
1153,779.323,22.95,0,0,0,55491695,55491695,55491695,0,0,0,3748386.01172,3748386.01172,3748386.01172,34749.3554688,34749.3554688,34749.3554688,61173097.0273,3598417.4722,0,28034.0390625,28034.0390625,28034.0390625,266948.09375,266948.09375,266948.09375,0,0,0,0,0,0,0,0,0,0,0,0,0,0,0,0,0,0,1603284.52734,1603284.52734,1603284.52734,0,0,0,57424711.0156,4417285.46274,0,0,0,0,3748386.01172,1603284.52734,34749.3554688,266948.09375,0,0,28034.0390625,0,0,0,0,0,0,55491695
616,780.353,17.416666666666668,37275080.875,37275080.875,37275080.875,0,0,0,0,0,0,7130476.72656,7130476.72656,7130476.72656,0,0,0,52343826.832,3079048.63718,0,3246847.75,3246847.75,3246847.75,21805.4882812,21805.4882812,21805.4882812,0,0,0,741121.273438,741121.273438,741121.273438,0,0,0,3010944.07031,3010944.07031,3010944.07031,0,0,0,917550.648438,917550.648438,917550.648438,0,0,0,0,0,0,45213350.1055,3477950.00811,0,0,0,0,7130476.72656,0,0,21805.4882812,37275080.875,741121.273438,3246847.75,3010944.07031,917550.648438,0,0,0,0,0
1067,781.184,37.416666666666664,46794037.75,46794037.75,46794037.75,22178084.4375,22178084.4375,22178084.4375,649167.960938,649167.960938,649167.960938,3008909.67969,3008909.67969,3008909.67969,592883.445312,592883.445312,592883.445312,243324171.602,14313186.5648,3992675.01562,0,0,0,10724906.9062,10724906.9062,10724906.9062,20700310.375,20700310.375,20700310.375,24988659.4375,24988659.4375,24988659.4375,1092805.34375,1092805.34375,1092805.34375,21374790,21374790,21374790,45785747.625,45785747.625,45785747.625,3992675.01562,3992675.01562,3992675.01562,35413920.375,35413920.375,35413920.375,6027273.25,2009091.08333,2027034.33203,234287988.672,18022152.9748,20700310.375,2278174.125,2027034.33203,1722064.79297,3008909.67969,35413920.375,592883.445312,10724906.9062,46794037.75,24988659.4375,0,21374790,3992675.01562,1092805.34375,45785747.625,20700310.375,649167.960938,22178084.4375
1055,782.191,37.333333333333336,28290871.625,28290871.625,28290871.625,13078749.1875,13078749.1875,13078749.1875,345730.933594,345730.933594,345730.933594,1611774.60938,1611774.60938,1611774.60938,290244.697266,290244.697266,290244.697266,145060842.807,8532990.75333,2344409.28125,0,0,0,6355456.96875,6355456.96875,6355456.96875,12058023.0625,12058023.0625,12058023.0625,14463993.0625,14463993.0625,14463993.0625,774625.078125,774625.078125,774625.078125,12016859.25,12016859.25,12016859.25,28623450.625,28623450.625,28623450.625,2344409.28125,2344409.28125,2344409.28125,21128362.375,21128362.375,21128362.375,3678292.05078,1226097.35026,1147379.49609,139770776.146,10751598.1651,12016859.25,1508935,1147379.49609,1021977.55469,1611774.60938,21128362.375,290244.697266,6355456.96875,28290871.625,14463993.0625,0,12016859.25,2344409.28125,774625.078125,28623450.625,12058023.0625,345730.933594,13078749.1875
810,782.34,8.833333333333334,0,0,0,0,0,0,0,0,0,224286.777344,224286.777344,224286.777344,0,0,0,84680576.1406,4981210.36121,0,0,0,0,0,0,0,0,0,0,0,0,0,0,0,0,84429163.375,84429163.375,84429163.375,0,0,0,27125.9882812,27125.9882812,27125.9882812,0,0,0,0,0,0,84456289.3633,6496637.64333,0,0,0,0,224286.777344,0,0,0,0,0,0,84429163.375,27125.9882812,0,0,0,0,0
727,783.317,12.95,29990.21875,29990.21875,29990.21875,0,0,0,0,0,0,1999786.78125,1999786.78125,1999786.78125,134317.958984,134317.958984,134317.958984,105203821.262,6188460.07422,0,91590814.125,91590814.125,91590814.125,0,0,0,0,0,0,7257687.66211,7257687.66211,7257687.66211,0,0,0,4161930.51562,4161930.51562,4161930.51562,0,0,0,29294,29294,29294,0,0,0,0,0,0,103204034.48,7938771.88311,0,0,0,0,1999786.78125,0,134317.958984,0,29990.21875,7257687.66211,91590814.125,4161930.51562,29294,0,0,0,0,0
836,784.328,15.366666666666667,4599068.51562,4599068.51562,4599068.51562,0,0,0,0,0,0,15699274.1641,15699274.1641,15699274.1641,0,0,0,753800686.992,44341216.8819,0,52346.3984375,52346.3984375,52346.3984375,0,0,0,0,0,0,88953.9335938,88953.9335938,88953.9335938,0,0,0,730440418.312,730440418.312,730440418.312,0,0,0,2920625.66797,2920625.66797,2920625.66797,0,0,0,0,0,0,738101412.828,56777031.756,0,0,0,0,15699274.1641,0,0,0,4599068.51562,88953.9335938,52346.3984375,730440418.312,2920625.66797,0,0,0,0,0
336,784.328,18.85,234730.082031,234730.082031,234730.082031,0,0,0,0,0,0,171131.234375,171131.234375,171131.234375,0,0,0,87682397.3477,5157788.07927,0,39219623.75,39219623.75,39219623.75,5401868.47656,5401868.47656,5401868.47656,0,0,0,3086422.17969,3086422.17969,3086422.17969,0,0,0,39568621.625,39568621.625,39568621.625,0,0,0,0,0,0,0,0,0,0,0,0,87511266.1133,6731635.85487,0,0,0,0,171131.234375,0,0,5401868.47656,234730.082031,3086422.17969,39219623.75,39568621.625,0,0,0,0,0,0
604,784.377,18.783333333333335,7385040.66602,7385040.66602,7385040.66602,0,0,0,0,0,0,10727379.6602,10727379.6602,10727379.6602,0,0,0,98898816.2539,5817577.4267,0,540002.855469,540002.855469,540002.855469,79798428.25,79798428.25,79798428.25,0,0,0,323770.947266,323770.947266,323770.947266,0,0,0,65134.9121094,65134.9121094,65134.9121094,0,0,0,59058.9628906,59058.9628906,59058.9628906,0,0,0,0,0,0,88171436.5938,6782418.19952,0,0,0,0,10727379.6602,0,0,79798428.25,7385040.66602,323770.947266,540002.855469,65134.9121094,59058.9628906,0,0,0,0,0
160,785.317,22.2,1532690.98242,1532690.98242,1532690.98242,78634.4746094,78634.4746094,78634.4746094,0,0,0,140433335.625,140433335.625,140433335.625,34357927.4141,34357927.4141,34357927.4141,756746741.059,44514514.1799,1532690.98242,11619631.0098,11619631.0098,11619631.0098,5166815.92969,5166815.92969,5166815.92969,0,0,0,5130845.67773,5130845.67773,5130845.67773,0,0,0,3846780.65625,3846780.65625,3846780.65625,0,0,0,3927009.03906,3927009.03906,3927009.03906,550653070.25,550653070.25,550653070.25,0,0,0,616313405.434,47408723.4949,3846780.65625,0,0,0,140433335.625,550653070.25,34357927.4141,5166815.92969,1532690.98242,5130845.67773,11619631.0098,3846780.65625,3927009.03906,0,0,0,0,78634.4746094
417,785.317,23,209225.408203,209225.408203,209225.408203,54958.046875,54958.046875,54958.046875,0,0,0,15455934.625,15455934.625,15455934.625,6309989.91406,6309989.91406,6309989.91406,104278283.48,6134016.67532,171315.996094,1133592.80469,1133592.80469,1133592.80469,14582788.0625,14582788.0625,14582788.0625,0,0,0,523257.734375,523257.734375,523257.734375,0,0,0,171315.996094,171315.996094,171315.996094,0,0,0,259359.554688,259359.554688,259359.554688,65552160,65552160,65552160,25701.3339844,8567.11132812,0,88796647.5215,6830511.34781,209225.408203,0,25701.3339844,0,15455934.625,65552160,6309989.91406,14582788.0625,209225.408203,523257.734375,1133592.80469,171315.996094,259359.554688,0,0,0,0,54958.046875
1026,785.325,10.716666666666667,0,0,0,0,0,0,0,0,0,2820542.94141,2820542.94141,2820542.94141,0,0,0,111708750.527,6571102.9722,0,0,0,0,0,0,0,0,0,0,0,0,0,0,0,0,308643.460938,308643.460938,308643.460938,0,0,0,108579564.125,108579564.125,108579564.125,0,0,0,0,0,0,108888207.586,8376015.96815,0,0,0,0,2820542.94141,0,0,0,0,0,0,308643.460938,108579564.125,0,0,0,0,0
147,786.332,12.1,0,0,0,0,0,0,0,0,0,35541012.375,35541012.375,35541012.375,0,0,0,1779604032.41,104682590.142,0,28405683.9219,28405683.9219,28405683.9219,0,0,0,0,0,0,0,0,0,0,0,0,1695970687.94,1695970687.94,1695970687.94,0,0,0,19658898.5,19658898.5,19658898.5,0,0,0,27749.6757812,9249.89192708,0,1744035270.36,134156559.258,0,0,27749.6757812,0,35541012.375,0,0,0,0,0,28405683.9219,1695970687.94,19658898.5,0,0,0,0,0
781,786.341,19.65,0,0,0,0,0,0,0,0,0,135228.53125,135228.53125,135228.53125,0,0,0,95613704.8281,5624335.57812,0,85886601.625,85886601.625,85886601.625,327728.582031,327728.582031,327728.582031,0,0,0,0,0,0,0,0,0,8709881.34766,8709881.34766,8709881.34766,0,0,0,554264.742188,554264.742188,554264.742188,0,0,0,0,0,0,95478476.2969,7344498.17668,0,0,0,0,135228.53125,0,0,327728.582031,0,0,85886601.625,8709881.34766,554264.742188,0,0,0,0,0
1117,787.383,27.45,0,0,0,26505269,26505269,26505269,653348.796875,653348.796875,653348.796875,1479410.38281,1479410.38281,1479410.38281,31788.1992188,31788.1992188,31788.1992188,29428847.6035,1731108.68256,0,0,0,0,27191.8027344,27191.8027344,27191.8027344,0,0,0,0,0,0,0,0,0,0,0,0,0,0,0,0,0,0,731839.421875,731839.421875,731839.421875,0,0,0,27949437.2207,2149956.70928,0,0,0,0,1479410.38281,731839.421875,31788.1992188,27191.8027344,0,0,0,0,0,0,0,0,653348.796875,26505269
332,788.344,14.033333333333333,0,0,0,0,0,0,0,0,0,2092927.9375,2092927.9375,2092927.9375,0,0,0,256687828.322,15099284.019,0,86937179.125,86937179.125,86937179.125,0,0,0,0,0,0,73900.046875,73900.046875,73900.046875,0,0,0,166535406,166535406,166535406,0,0,0,1048415.21289,1048415.21289,1048415.21289,0,0,0,0,0,0,254594900.385,19584223.1065,0,0,0,0,2092927.9375,0,0,0,0,73900.046875,86937179.125,166535406,1048415.21289,0,0,0,0,0
34,789.332,14.5,591951846.5,591951846.5,591951846.5,0,0,0,792348.710938,792348.710938,792348.710938,439200689.875,439200689.875,439200689.875,22485326.9375,22485326.9375,22485326.9375,1253119756.71,73712926.8653,1276578.77734,71318938.125,71318938.125,71318938.125,1276578.77734,1276578.77734,1276578.77734,0,0,0,36825875.4688,36825875.4688,36825875.4688,1997144.10156,1997144.10156,1997144.10156,59211342,59211342,59211342,167587.972656,167587.972656,167587.972656,27245757.9609,27245757.9609,27245757.9609,410964.464844,410964.464844,410964.464844,235355.816406,78451.9388021,63326.5859375,813683711.02,62591054.6938,1997144.10156,52457.46875,119571.761719,63326.5859375,439200689.875,410964.464844,22485326.9375,1276578.77734,591951846.5,36825875.4688,71318938.125,59211342,27245757.9609,1997144.10156,167587.972656,0,792348.710938,0
87,789.332,18.8,140557459.75,140557459.75,140557459.75,0,0,0,0,0,0,152319580.812,152319580.812,152319580.812,1461177.04883,1461177.04883,1461177.04883,1401105427.34,82417966.3143,0,18388523.5156,18388523.5156,18388523.5156,1063002044.31,1063002044.31,1063002044.31,0,0,0,15488658.4688,15488658.4688,15488658.4688,0,0,0,3989171.36719,3989171.36719,3989171.36719,0,0,0,5898812.06836,5898812.06836,5898812.06836,0,0,0,0,0,0,1248785846.53,96060449.7332,1461177.04883,0,0,0,152319580.812,0,1461177.04883,1063002044.31,140557459.75,15488658.4688,18388523.5156,3989171.36719,5898812.06836,0,0,0,0,0
108,789.332,16.9,391585377.625,391585377.625,391585377.625,0,0,0,0,0,0,234820378.375,234820378.375,234820378.375,5348476.47656,5348476.47656,5348476.47656,766336175.842,45078598.5789,23513.7011719,20996847.8086,20996847.8086,20996847.8086,91680266.125,91680266.125,91680266.125,0,0,0,10976838.668,10976838.668,10976838.668,23513.7011719,23513.7011719,23513.7011719,3512565.08594,3512565.08594,3512565.08594,0,0,0,7391911.97656,7391911.97656,7391911.97656,0,0,0,0,0,0,531515797.467,40885830.5744,3512565.08594,0,0,0,234820378.375,0,5348476.47656,91680266.125,391585377.625,10976838.668,20996847.8086,3512565.08594,7391911.97656,23513.7011719,0,0,0,0
1078,789.382,29.033333333333335,0,0,0,33222.9609375,33222.9609375,33222.9609375,31771774.9375,31771774.9375,31771774.9375,321570.253906,321570.253906,321570.253906,25641.71875,25641.71875,25641.71875,32191730.2852,1893631.19324,0,0,0,0,0,0,0,39520.4140625,39520.4140625,39520.4140625,0,0,0,0,0,0,0,0,0,0,0,0,0,0,0,0,0,0,0,0,0,31870160.0312,2451550.77163,0,0,0,0,321570.253906,0,25641.71875,0,0,0,0,0,0,0,0,39520.4140625,31771774.9375,33222.9609375
343,790.364,9.783333333333333,0,0,0,0,0,0,0,0,0,203773.535156,203773.535156,203773.535156,0,0,0,87376598.6953,5139799.92325,0,50505430.75,50505430.75,50505430.75,0,0,0,0,0,0,0,0,0,0,0,0,36153773.375,36153773.375,36153773.375,0,0,0,513621.035156,513621.035156,513621.035156,0,0,0,0,0,0,87172825.1602,6705601.9354,0,0,0,0,203773.535156,0,0,0,0,0,50505430.75,36153773.375,513621.035156,0,0,0,0,0
653,791.305,10.1,0,0,0,0,0,0,28172.7148438,28172.7148438,28172.7148438,1527582.09766,1527582.09766,1527582.09766,0,0,0,41925205.3906,2466188.55239,0,1677603.57812,1677603.57812,1677603.57812,0,0,0,0,0,0,38691847,38691847,38691847,0,0,0,0,0,0,0,0,0,0,0,0,0,0,0,0,0,0,40397623.293,3107509.48407,0,0,0,0,1527582.09766,0,0,0,0,38691847,1677603.57812,0,0,0,0,0,28172.7148438,0
719,791.305,8.733333333333333,0,0,0,0,0,0,0,0,0,3702241.23438,3702241.23438,3702241.23438,0,0,0,72624508.7266,4272029.92509,0,5492489.69531,5492489.69531,5492489.69531,0,0,0,0,0,0,61094087.8125,61094087.8125,61094087.8125,0,0,0,2335689.98438,2335689.98438,2335689.98438,0,0,0,0,0,0,0,0,0,0,0,0,68922267.4922,5301712.88401,0,0,0,0,3702241.23438,0,0,0,0,61094087.8125,5492489.69531,2335689.98438,0,0,0,0,0,0
693,791.323,17.6,98431.390625,98431.390625,98431.390625,0,0,0,0,0,0,15101433.5039,15101433.5039,15101433.5039,0,0,0,161495579.84,9499739.99058,0,3578214.44141,3578214.44141,3578214.44141,118546.298828,118546.298828,118546.298828,0,0,0,141618039.75,141618039.75,141618039.75,0,0,0,583194.597656,583194.597656,583194.597656,0,0,0,397719.857422,397719.857422,397719.857422,0,0,0,0,0,0,146394146.336,11261088.1797,0,0,0,0,15101433.5039,0,0,118546.298828,98431.390625,141618039.75,3578214.44141,583194.597656,397719.857422,0,0,0,0,0
128,792.357,17.416666666666668,0,0,0,0,0,0,0,0,0,5565086.64062,5565086.64062,5565086.64062,0,0,0,768129167.328,45184068.6664,0,46296286,46296286,46296286,0,0,0,0,0,0,0,0,0,0,0,0,250933134.812,250933134.812,250933134.812,0,0,0,465334659.875,465334659.875,465334659.875,0,0,0,0,0,0,762564080.688,58658775.4375,0,0,0,0,5565086.64062,0,0,0,0,0,46296286,250933134.812,465334659.875,0,0,0,0,0
32,792.357,20.016666666666666,395576628.625,395576628.625,395576628.625,0,0,0,0,0,0,192936340.312,192936340.312,192936340.312,3817442.61328,3817442.61328,3817442.61328,1011221673.37,59483627.8451,0,33035797.5078,33035797.5078,33035797.5078,233305.128906,233305.128906,233305.128906,0,0,0,113208465.375,113208465.375,113208465.375,0,0,0,265398711.188,265398711.188,265398711.188,0,0,0,7014982.61719,7014982.61719,7014982.61719,0,0,0,0,0,0,818285333.055,62945025.6196,233305.128906,0,0,0,192936340.312,0,3817442.61328,233305.128906,395576628.625,113208465.375,33035797.5078,265398711.188,7014982.61719,0,0,0,0,0
16,792.357,22.033333333333335,62874837,62874837,62874837,0,0,0,0,0,0,48127425.5625,48127425.5625,48127425.5625,25419.0546875,25419.0546875,25419.0546875,595880141.426,35051773.025,23444.4296875,220365461.125,220365461.125,220365461.125,1179222.81641,1179222.81641,1179222.81641,0,0,0,73630910.125,73630910.125,73630910.125,0,0,0,164846796.875,164846796.875,164846796.875,23444.4296875,23444.4296875,23444.4296875,24806624.4375,24806624.4375,24806624.4375,0,0,0,0,0,0,547752715.863,42134824.2972,25419.0546875,0,0,0,48127425.5625,0,25419.0546875,1179222.81641,62874837,73630910.125,220365461.125,164846796.875,24806624.4375,0,23444.4296875,0,0,0
709,792.357,22.45,68273758.7812,68273758.7812,68273758.7812,0,0,0,0,0,0,51364401.6719,51364401.6719,51364401.6719,1195707.70703,1195707.70703,1195707.70703,574586023.672,33799177.8631,49996.9042969,19388298.0977,19388298.0977,19388298.0977,6829445.58203,6829445.58203,6829445.58203,0,0,0,417576061.25,417576061.25,417576061.25,0,0,0,8057415.58789,8057415.58789,8057415.58789,0,0,0,1850938.08984,1850938.08984,1850938.08984,49996.9042969,49996.9042969,49996.9042969,0,0,0,523221622,40247817.0769,1195707.70703,0,0,0,51364401.6719,49996.9042969,1195707.70703,6829445.58203,68273758.7812,417576061.25,19388298.0977,8057415.58789,1850938.08984,0,0,0,0,0
893,793.327,9.85,796647.15625,796647.15625,796647.15625,0,0,0,0,0,0,10452488.7188,10452488.7188,10452488.7188,95183.0996094,95183.0996094,95183.0996094,251164294.584,14774370.2696,0,673165.3125,673165.3125,673165.3125,0,0,0,0,0,0,6168693.46094,6168693.46094,6168693.46094,0,0,0,231401184.5,231401184.5,231401184.5,0,0,0,1576932.33594,1576932.33594,1576932.33594,0,0,0,0,0,0,240711805.865,18516292.7589,0,0,0,0,10452488.7188,0,95183.0996094,0,796647.15625,6168693.46094,673165.3125,231401184.5,1576932.33594,0,0,0,0,0
15,793.339,25.533333333333335,10900194.2656,10900194.2656,10900194.2656,1429537000.5,1429537000.5,1429537000.5,0,0,0,361945458.562,361945458.562,361945458.562,33771650.4375,33771650.4375,33771650.4375,2084819011.6,122636412.447,20919732.3438,34956878.7422,34956878.7422,34956878.7422,30703014.0469,30703014.0469,30703014.0469,0,0,0,27690880.5469,27690880.5469,27690880.5469,356634.908203,356634.908203,356634.908203,48990684.25,48990684.25,48990684.25,0,0,0,20919732.3438,20919732.3438,20919732.3438,85046883,85046883,85046883,0,0,0,1722873553.04,132528734.849,27690880.5469,0,0,0,361945458.562,85046883,33771650.4375,30703014.0469,10900194.2656,27690880.5469,34956878.7422,48990684.25,20919732.3438,356634.908203,0,0,0,1429537000.5
69,793.34,24.8,5557345.12109,5557345.12109,5557345.12109,1359697372.75,1359697372.75,1359697372.75,0,0,0,239529890.5,239529890.5,239529890.5,25877205.9336,25877205.9336,25877205.9336,1747418508.4,102789324.023,12363785.5391,19270432.0684,19270432.0684,19270432.0684,16329851.1641,16329851.1641,16329851.1641,0,0,0,15167761.6055,15167761.6055,15167761.6055,28247.921875,28247.921875,28247.921875,14797205.918,14797205.918,14797205.918,0,0,0,12363785.5391,12363785.5391,12363785.5391,38799409.875,38799409.875,38799409.875,0,0,0,1507888617.9,115991432.146,14797205.918,0,0,0,239529890.5,38799409.875,25877205.9336,16329851.1641,5557345.12109,15167761.6055,19270432.0684,14797205.918,12363785.5391,28247.921875,0,0,0,1359697372.75
378,793.361,20.183333333333334,151749422.188,151749422.188,151749422.188,0,0,0,26393.1386719,26393.1386719,26393.1386719,86146649.5,86146649.5,86146649.5,1522928.74219,1522928.74219,1522928.74219,289619246.557,17036426.268,26393.1386719,7528472.63281,7528472.63281,7528472.63281,55226.5566406,55226.5566406,55226.5566406,0,0,0,36995670.7891,36995670.7891,36995670.7891,0,0,0,2812719.05859,2812719.05859,2812719.05859,0,0,0,2781763.95117,2781763.95117,2781763.95117,0,0,0,0,0,0,203472597.057,15651738.2351,55226.5566406,0,0,0,86146649.5,0,1522928.74219,55226.5566406,151749422.188,36995670.7891,7528472.63281,2812719.05859,2781763.95117,0,0,0,26393.1386719,0
721,794.333,15.4,5605793.03906,5605793.03906,5605793.03906,0,0,0,0,0,0,13177240.7109,13177240.7109,13177240.7109,0,0,0,155496973.84,9146880.81411,0,6780744.04688,6780744.04688,6780744.04688,0,0,0,0,0,0,126927050,126927050,126927050,0,0,0,2686127.75,2686127.75,2686127.75,0,0,0,320018.292969,320018.292969,320018.292969,0,0,0,0,0,0,142319733.129,10947671.7791,0,0,0,0,13177240.7109,0,0,0,5605793.03906,126927050,6780744.04688,2686127.75,320018.292969,0,0,0,0,0
195,795.349,25.583333333333332,1244020.33594,1244020.33594,1244020.33594,169789129.312,169789129.312,169789129.312,0,0,0,39316281.75,39316281.75,39316281.75,4304855.04297,4304855.04297,4304855.04297,241298651.332,14194038.3136,2467346.55469,3633588.35156,3633588.35156,3633588.35156,4041877.36719,4041877.36719,4041877.36719,0,0,0,3158381.91797,3158381.91797,3158381.91797,0,0,0,3129553.33594,3129553.33594,3129553.33594,0,0,0,2467346.55469,2467346.55469,2467346.55469,10213617.3633,10213617.3633,10213617.3633,0,0,0,201982369.582,15537105.3525,3129553.33594,0,0,0,39316281.75,10213617.3633,4304855.04297,4041877.36719,1244020.33594,3158381.91797,3633588.35156,3129553.33594,2467346.55469,0,0,0,0,169789129.312
1170,797.353,25.3,0,0,0,31178859,31178859,31178859,0,0,0,2712645.13672,2712645.13672,2712645.13672,161649.294922,161649.294922,161649.294922,36995591.2773,2176211.25161,0,66326.5390625,66326.5390625,66326.5390625,134968.958984,134968.958984,134968.958984,0,0,0,0,0,0,0,0,0,26559.9414062,26559.9414062,26559.9414062,0,0,0,0,0,0,2714582.40625,2714582.40625,2714582.40625,0,0,0,34282946.1406,2637149.70312,0,0,0,0,2712645.13672,2714582.40625,161649.294922,134968.958984,0,0,66326.5390625,26559.9414062,0,0,0,0,0,31178859
328,798.311,14.333333333333334,79255.3671875,79255.3671875,79255.3671875,0,0,0,0,0,0,2396191.94141,2396191.94141,2396191.94141,403480.828125,403480.828125,403480.828125,182333535.145,10725502.0673,0,70574453.3125,70574453.3125,70574453.3125,0,0,0,0,0,0,10894609.6562,10894609.6562,10894609.6562,0,0,0,97085992.5,97085992.5,97085992.5,0,0,0,899551.539062,899551.539062,899551.539062,0,0,0,0,0,0,179937343.203,13841334.0925,0,0,0,0,2396191.94141,0,403480.828125,0,79255.3671875,10894609.6562,70574453.3125,97085992.5,899551.539062,0,0,0,0,0
864,798.366,14.45,0,0,0,0,0,0,0,0,0,44355.1132812,44355.1132812,44355.1132812,0,0,0,75755249.3223,4456191.1366,0,0,0,0,23835.8886719,23835.8886719,23835.8886719,0,0,0,2825700.84375,2825700.84375,2825700.84375,0,0,0,72818148.875,72818148.875,72818148.875,0,0,0,43208.6015625,43208.6015625,43208.6015625,0,0,0,0,0,0,75710894.209,5823914.93915,0,0,0,0,44355.1132812,0,0,23835.8886719,0,2825700.84375,0,72818148.875,43208.6015625,0,0,0,0,0
99,799.296,20.016666666666666,3545110.19727,3545110.19727,3545110.19727,0,0,0,0,0,0,33429238.625,33429238.625,33429238.625,574791627.625,574791627.625,574791627.625,730426372.932,42966257.2313,286092.166016,2507378.66406,2507378.66406,2507378.66406,111643356.75,111643356.75,111643356.75,0,0,0,2149075.77344,2149075.77344,2149075.77344,0,0,0,286092.166016,286092.166016,286092.166016,0,0,0,1775117.64453,1775117.64453,1775117.64453,299375.486328,299375.486328,299375.486328,0,0,0,696997134.307,53615164.1774,299375.486328,0,0,0,33429238.625,299375.486328,574791627.625,111643356.75,3545110.19727,2149075.77344,2507378.66406,286092.166016,1775117.64453,0,0,0,0,0
1017,799.339,13.45,0,0,0,0,0,0,0,0,0,3157276.07812,3157276.07812,3157276.07812,0,0,0,139745701.391,8220335.37592,0,2892892.58594,2892892.58594,2892892.58594,0,0,0,0,0,0,0,0,0,0,0,0,229893.955078,229893.955078,229893.955078,0,0,0,133439130.375,133439130.375,133439130.375,0,0,0,26508.3964844,8836.13216146,0,136561916.916,10504762.8397,0,0,26508.3964844,0,3157276.07812,0,0,0,0,0,2892892.58594,229893.955078,133439130.375,0,0,0,0,0
749,800.347,14.85,244040.027344,244040.027344,244040.027344,0,0,0,0,0,0,11556071.3027,11556071.3027,11556071.3027,0,0,0,922257468.402,54250439.3178,0,852784331.875,852784331.875,852784331.875,0,0,0,0,0,0,2897902.33398,2897902.33398,2897902.33398,0,0,0,53095102.4766,53095102.4766,53095102.4766,0,0,0,1680020.38672,1680020.38672,1680020.38672,0,0,0,0,0,0,910701397.1,70053953.623,0,0,0,0,11556071.3027,0,0,0,244040.027344,2897902.33398,852784331.875,53095102.4766,1680020.38672,0,0,0,0,0
342,800.347,13.883333333333333,0,0,0,0,0,0,0,0,0,0,0,0,0,0,0,695655335.969,40920902.1158,0,625548713.625,625548713.625,625548713.625,0,0,0,0,0,0,0,0,0,0,0,0,8202388.09375,8202388.09375,8202388.09375,0,0,0,61904234.25,61904234.25,61904234.25,0,0,0,0,0,0,695655335.969,53511948.9207,0,0,0,0,0,0,0,0,0,0,625548713.625,8202388.09375,61904234.25,0,0,0,0,0
287,800.382,21.683333333333334,37662165.9375,37662165.9375,37662165.9375,0,0,0,0,0,0,845774.935547,845774.935547,845774.935547,0,0,0,573775163.553,33751480.209,0,96139.3359375,96139.3359375,96139.3359375,534552233.25,534552233.25,534552233.25,0,0,0,0,0,0,0,0,0,618850.09375,618850.09375,618850.09375,0,0,0,0,0,0,0,0,0,0,0,0,572929388.617,44071491.4321,0,0,0,0,845774.935547,0,0,534552233.25,37662165.9375,0,96139.3359375,618850.09375,0,0,0,0,0,0
51,801.332,19.65,134331053.125,134331053.125,134331053.125,0,0,0,0,0,0,126543178.25,126543178.25,126543178.25,290374.734375,290374.734375,290374.734375,1933602256.85,113741309.227,28561.7851562,11777564.5625,11777564.5625,11777564.5625,1645348213.12,1645348213.12,1645348213.12,0,0,0,9572300.5,9572300.5,9572300.5,28561.7851562,28561.7851562,28561.7851562,2467837.16992,2467837.16992,2467837.16992,0,0,0,3243173.60156,3243173.60156,3243173.60156,0,0,0,0,0,0,1807059078.6,139004544.508,290374.734375,0,0,0,126543178.25,0,290374.734375,1645348213.12,134331053.125,9572300.5,11777564.5625,2467837.16992,3243173.60156,28561.7851562,0,0,0,0
722,801.332,16.933333333333334,6612298.13281,6612298.13281,6612298.13281,0,0,0,0,0,0,4729827.55078,4729827.55078,4729827.55078,0,0,0,97757493.9297,5750440.81939,0,33267616.625,33267616.625,33267616.625,0,0,0,0,0,0,52318433.9375,52318433.9375,52318433.9375,0,0,0,829317.683594,829317.683594,829317.683594,0,0,0,0,0,0,0,0,0,0,0,0,93027666.3789,7155974.33684,0,0,0,0,4729827.55078,0,0,0,6612298.13281,52318433.9375,33267616.625,829317.683594,0,0,0,0,0,0
1020,802.327,12.266666666666667,0,0,0,0,0,0,0,0,0,30388157.1094,30388157.1094,30388157.1094,0,0,0,936194529.115,55070266.4185,0,100304.242188,100304.242188,100304.242188,0,0,0,0,0,0,680242.226562,680242.226562,680242.226562,0,0,0,162441759.531,162441759.531,162441759.531,0,0,0,742426809.75,742426809.75,742426809.75,0,0,0,157256.255859,52418.7519531,0,905649115.75,69665316.5962,0,157256.255859,0,0,30388157.1094,0,0,0,0,680242.226562,100304.242188,162441759.531,742426809.75,0,0,0,0,0
700,802.396,20.033333333333335,4739429.73047,4739429.73047,4739429.73047,0,0,0,24978.1816406,24978.1816406,24978.1816406,6550216.40234,6550216.40234,6550216.40234,0,0,0,157760158.029,9280009.29584,0,4257909.71094,4257909.71094,4257909.71094,161678.765625,161678.765625,161678.765625,0,0,0,141103053.75,141103053.75,141103053.75,0,0,0,890415.333984,890415.333984,890415.333984,0,0,0,32476.1542969,32476.1542969,32476.1542969,0,0,0,0,0,0,151209941.627,11631533.9713,24978.1816406,0,0,0,6550216.40234,0,0,161678.765625,4739429.73047,141103053.75,4257909.71094,890415.333984,32476.1542969,0,0,0,24978.1816406,0
137,802.398,17.583333333333332,169863507,169863507,169863507,0,0,0,0,0,0,85540573.5,85540573.5,85540573.5,3436121.62305,3436121.62305,3436121.62305,303331718.008,17843042.2358,0,13075321.8594,13075321.8594,13075321.8594,300391.408203,300391.408203,300391.408203,0,0,0,24026233.625,24026233.625,24026233.625,0,0,0,5631596.35547,5631596.35547,5631596.35547,0,0,0,1457972.63672,1457972.63672,1457972.63672,0,0,0,0,0,0,217791144.508,16753164.9621,300391.408203,0,0,0,85540573.5,0,3436121.62305,300391.408203,169863507,24026233.625,13075321.8594,5631596.35547,1457972.63672,0,0,0,0,0
24,803.307,15.65,891086893.5,891086893.5,891086893.5,0,0,0,852783,852783,852783,588658134.875,588658134.875,588658134.875,10970604.6406,10970604.6406,10970604.6406,1656121820.89,97418930.6407,1189931.5,41938054.25,41938054.25,41938054.25,1477184.85938,1477184.85938,1477184.85938,27441.9160156,27441.9160156,27441.9160156,53568030.5,53568030.5,53568030.5,1620850.78906,1620850.78906,1620850.78906,63967540.375,63967540.375,63967540.375,165967.496094,165967.496094,165967.496094,1189931.5,1189931.5,1189931.5,333528.917969,333528.917969,333528.917969,264874.273438,88291.4244792,73381.6601562,1067198811.74,82092216.288,1477184.85938,31092.5703125,160400.042969,73381.6601562,588658134.875,333528.917969,10970604.6406,1477184.85938,891086893.5,53568030.5,41938054.25,63967540.375,1189931.5,1620850.78906,165967.496094,27441.9160156,852783,0
541,803.342,18.366666666666667,17141732.4844,17141732.4844,17141732.4844,0,0,0,0,0,0,12193402.125,12193402.125,12193402.125,0,0,0,156132550.504,9184267.6767,0,1474087.29688,1474087.29688,1474087.29688,124044337.75,124044337.75,124044337.75,0,0,0,952099.515625,952099.515625,952099.515625,0,0,0,225535.507812,225535.507812,225535.507812,0,0,0,101355.824219,101355.824219,101355.824219,0,0,0,0,0,0,143939148.379,11072242.183,0,0,0,0,12193402.125,0,0,124044337.75,17141732.4844,952099.515625,1474087.29688,225535.507812,101355.824219,0,0,0,0,0
730,805.324,10.416666666666666,25305.1894531,25305.1894531,25305.1894531,0,0,0,0,0,0,4870020.625,4870020.625,4870020.625,0,0,0,268213096.418,15777240.9658,0,254241168.5,254241168.5,254241168.5,21572.6367188,21572.6367188,21572.6367188,0,0,0,1099386.24219,1099386.24219,1099386.24219,0,0,0,7677393.48242,7677393.48242,7677393.48242,0,0,0,278249.742188,278249.742188,278249.742188,0,0,0,0,0,0,263343075.793,20257159.6764,0,0,0,0,4870020.625,0,0,21572.6367188,25305.1894531,1099386.24219,254241168.5,7677393.48242,278249.742188,0,0,0,0,0
102,805.324,11.916666666666666,52358750,52358750,52358750,0,0,0,0,0,0,50267846.375,50267846.375,50267846.375,1424393.88477,1424393.88477,1424393.88477,437017479.916,25706910.5833,0,6831284.57812,6831284.57812,6831284.57812,0,0,0,0,0,0,312518271.125,312518271.125,312518271.125,0,0,0,11210258.7812,11210258.7812,11210258.7812,25219.7265625,25219.7265625,25219.7265625,2381455.44531,2381455.44531,2381455.44531,0,0,0,0,0,0,386749633.541,29749971.8108,25219.7265625,0,0,0,50267846.375,0,1424393.88477,0,52358750,312518271.125,6831284.57812,11210258.7812,2381455.44531,0,25219.7265625,0,0,0
203,805.341,26.333333333333332,2035523.50781,2035523.50781,2035523.50781,1702260497.5,1702260497.5,1702260497.5,0,0,0,134795466.75,134795466.75,134795466.75,9230067.02734,9230067.02734,9230067.02734,1896586703.51,111563923.736,3091001.29297,9221124.98828,9221124.98828,9221124.98828,5730714.56055,5730714.56055,5730714.56055,0,0,0,4188876.53906,4188876.53906,4188876.53906,0,0,0,9889134.08594,9889134.08594,9889134.08594,0,0,0,3091001.29297,3091001.29297,3091001.29297,16144297.2617,16144297.2617,16144297.2617,0,0,0,1761791236.76,135522402.828,4188876.53906,0,0,0,134795466.75,16144297.2617,9230067.02734,5730714.56055,2035523.50781,4188876.53906,9221124.98828,9889134.08594,3091001.29297,0,0,0,0,1702260497.5
111,806.335,19.3,122559092.438,122559092.438,122559092.438,0,0,0,0,0,0,33837739.875,33837739.875,33837739.875,515708.8125,515708.8125,515708.8125,324999781.807,19117634.2239,0,14816487.6016,14816487.6016,14816487.6016,581569.220703,581569.220703,581569.220703,0,0,0,145018628.062,145018628.062,145018628.062,0,0,0,6305113.38672,6305113.38672,6305113.38672,0,0,0,1365442.41016,1365442.41016,1365442.41016,0,0,0,0,0,0,291162041.932,22397080.1486,515708.8125,0,0,0,33837739.875,0,515708.8125,581569.220703,122559092.438,145018628.062,14816487.6016,6305113.38672,1365442.41016,0,0,0,0,0
42,806.335,15.683333333333334,400184.773438,400184.773438,400184.773438,0,0,0,0,0,0,1152870.96094,1152870.96094,1152870.96094,0,0,0,745836484.859,43872734.4035,0,395324240.25,395324240.25,395324240.25,0,0,0,0,0,0,198033037.375,198033037.375,198033037.375,0,0,0,73932139,73932139,73932139,0,0,0,76994012.5,76994012.5,76994012.5,0,0,0,0,0,0,744683613.898,57283354.9153,0,0,0,0,1152870.96094,0,0,0,400184.773438,198033037.375,395324240.25,73932139,76994012.5,0,0,0,0,0
31,806.335,17.683333333333334,599271275.125,599271275.125,599271275.125,0,0,0,0,0,0,341211954.25,341211954.25,341211954.25,6605943.39453,6605943.39453,6605943.39453,1255638248.75,73861073.4559,0,212903496.625,212903496.625,212903496.625,264677.113281,264677.113281,264677.113281,0,0,0,47368648.375,47368648.375,47368648.375,0,0,0,41040558.25,41040558.25,41040558.25,0,0,0,6971695.61719,6971695.61719,6971695.61719,0,0,0,0,0,0,914426294.5,70340484.1923,264677.113281,0,0,0,341211954.25,0,6605943.39453,264677.113281,599271275.125,47368648.375,212903496.625,41040558.25,6971695.61719,0,0,0,0,0
1154,807.357,27.166666666666668,169746.351562,169746.351562,169746.351562,213871510.875,213871510.875,213871510.875,59870.7792969,59870.7792969,59870.7792969,15989629.1328,15989629.1328,15989629.1328,961679.214844,961679.214844,961679.214844,237303024.203,13959001.4237,269194.769531,1208399.9082,1208399.9082,1208399.9082,738713.503906,738713.503906,738713.503906,0,0,0,269194.769531,269194.769531,269194.769531,0,0,0,965109.109375,965109.109375,965109.109375,0,0,0,331424.957031,331424.957031,331424.957031,2737745.60156,2737745.60156,2737745.60156,0,0,0,221313395.07,17024107.3131,331424.957031,0,0,0,15989629.1328,2737745.60156,961679.214844,738713.503906,169746.351562,269194.769531,1208399.9082,965109.109375,331424.957031,0,0,0,59870.7792969,213871510.875
174,809.359,20.5,9138557.03516,9138557.03516,9138557.03516,0,0,0,26764.1992188,26764.1992188,26764.1992188,39721084,39721084,39721084,1500470.05859,1500470.05859,1500470.05859,855063773.891,50297869.0524,26764.1992188,3467114.76953,3467114.76953,3467114.76953,796731997.375,796731997.375,796731997.375,0,0,0,2839322.43359,2839322.43359,2839322.43359,0,0,0,642391.164062,642391.164062,642391.164062,0,0,0,996072.855469,996072.855469,996072.855469,0,0,0,0,0,0,815342689.891,62718668.4531,642391.164062,0,0,0,39721084,0,1500470.05859,796731997.375,9138557.03516,2839322.43359,3467114.76953,642391.164062,996072.855469,0,0,0,26764.1992188,0
774,810.33,16.283333333333335,0,0,0,0,0,0,0,0,0,187048.617188,187048.617188,187048.617188,0,0,0,40182251.2812,2363661.84007,0,39680898.875,39680898.875,39680898.875,0,0,0,0,0,0,0,0,0,0,0,0,314303.789062,314303.789062,314303.789062,0,0,0,0,0,0,0,0,0,0,0,0,39995202.6641,3076554.05108,0,0,0,0,187048.617188,0,0,0,0,0,39680898.875,314303.789062,0,0,0,0,0,0
121,814.337,21.65,116402.710938,116402.710938,116402.710938,0,0,0,0,0,0,1117791.94531,1117791.94531,1117791.94531,894012.46875,894012.46875,894012.46875,188727721.27,11101630.6629,0,61163889.125,61163889.125,61163889.125,0,0,0,0,0,0,54132126,54132126,54132126,0,0,0,61991561.75,61991561.75,61991561.75,0,0,0,9311937.26953,9311937.26953,9311937.26953,0,0,0,0,0,0,187609929.324,14431533.0249,0,0,0,0,1117791.94531,0,894012.46875,0,116402.710938,54132126,61163889.125,61991561.75,9311937.26953,0,0,0,0,0
702,814.337,22.466666666666665,27972932.3906,27972932.3906,27972932.3906,0,0,0,0,0,0,17237953.9922,17237953.9922,17237953.9922,230302.496094,230302.496094,230302.496094,159316563.824,9371562.5779,23641.46875,10303923.7969,10303923.7969,10303923.7969,1021202.50781,1021202.50781,1021202.50781,0,0,0,96880737.5625,96880737.5625,96880737.5625,0,0,0,4191018.6582,4191018.6582,4191018.6582,23641.46875,23641.46875,23641.46875,1454850.95117,1454850.95117,1454850.95117,0,0,0,0,0,0,142078609.832,10929123.8332,230302.496094,0,0,0,17237953.9922,0,230302.496094,1021202.50781,27972932.3906,96880737.5625,10303923.7969,4191018.6582,1454850.95117,0,23641.46875,0,0,0
973,814.337,17.683333333333334,0,0,0,0,0,0,0,0,0,0,0,0,0,0,0,111165697.191,6539158.65832,0,0,0,0,0,0,0,0,0,0,0,0,0,30095.4179688,30095.4179688,30095.4179688,283939.523438,283939.523438,283939.523438,0,0,0,110851662.25,110851662.25,110851662.25,0,0,0,0,0,0,111165697.191,8551207.47626,0,0,0,0,0,0,0,0,0,0,0,283939.523438,110851662.25,30095.4179688,0,0,0,0
293,814.337,19.866666666666667,102773872.875,102773872.875,102773872.875,0,0,0,0,0,0,3985676.27344,3985676.27344,3985676.27344,0,0,0,173587455.156,10211026.7739,0,4164355.73438,4164355.73438,4164355.73438,0,0,0,0,0,0,17269654.3438,17269654.3438,17269654.3438,0,0,0,43648105.25,43648105.25,43648105.25,0,0,0,1745790.67969,1745790.67969,1745790.67969,0,0,0,0,0,0,169601778.883,13046290.6833,0,0,0,0,3985676.27344,0,0,0,102773872.875,17269654.3438,4164355.73438,43648105.25,1745790.67969,0,0,0,0,0
81,814.363,17.383333333333333,62715.6582031,62715.6582031,62715.6582031,0,0,0,0,0,0,490825392.25,490825392.25,490825392.25,0,0,0,8175088752.31,480887573.665,0,917337197.75,917337197.75,917337197.75,0,0,0,0,0,0,6655913932,6655913932,6655913932,27649.875,27649.875,27649.875,99293836.625,99293836.625,99293836.625,0,0,0,11628028.1484,11628028.1484,11628028.1484,0,0,0,0,0,0,7684263360.06,591097181.543,0,0,0,0,490825392.25,0,0,0,62715.6582031,6655913932,917337197.75,99293836.625,11628028.1484,27649.875,0,0,0,0
277,815.347,21.933333333333334,2888404.42969,2888404.42969,2888404.42969,0,0,0,0,0,0,12507432.9375,12507432.9375,12507432.9375,62381987.375,62381987.375,62381987.375,348248326.547,20485195.6792,0,11012627.8438,11012627.8438,11012627.8438,233158981.812,233158981.812,233158981.812,0,0,0,16962271.0664,16962271.0664,16962271.0664,0,0,0,5243332.12891,5243332.12891,5243332.12891,0,0,0,4093288.95312,4093288.95312,4093288.95312,0,0,0,0,0,0,335740893.609,25826222.5853,2888404.42969,0,0,0,12507432.9375,0,62381987.375,233158981.812,2888404.42969,16962271.0664,11012627.8438,5243332.12891,4093288.95312,0,0,0,0,0
684,815.364,17.416666666666668,0,0,0,0,0,0,0,0,0,231270675.098,231270675.098,231270675.098,0,0,0,3879982175.93,228234245.643,0,434125415.617,434125415.617,434125415.617,0,0,0,0,0,0,3163016191.38,3163016191.38,3163016191.38,29764.9492188,29764.9492188,29764.9492188,46278228.3164,46278228.3164,46278228.3164,0,0,0,5261900.57031,5261900.57031,5261900.57031,0,0,0,0,0,0,3648711500.83,280670115.448,0,0,0,0,231270675.098,0,0,0,0,3163016191.38,434125415.617,46278228.3164,5261900.57031,29764.9492188,0,0,0,0
884,816.342,14.05,0,0,0,0,0,0,0,0,0,1656265.72656,1656265.72656,1656265.72656,0,0,0,237514857.125,13971462.1838,0,0,0,0,0,0,0,0,0,0,0,0,0,0,0,0,232586064.875,232586064.875,232586064.875,0,0,0,3272526.52344,3272526.52344,3272526.52344,0,0,0,0,0,0,235858591.398,18142968.5691,0,0,0,0,1656265.72656,0,0,0,0,0,0,232586064.875,3272526.52344,0,0,0,0,0
85,816.378,16.666666666666668,22278582.8203,22278582.8203,22278582.8203,0,0,0,0,0,0,77711325.875,77711325.875,77711325.875,0,0,0,1565737917.5,92102230.4409,0,128758243.375,128758243.375,128758243.375,0,0,0,47808.5976562,47808.5976562,47808.5976562,1314512115.25,1314512115.25,1314512115.25,0,0,0,19065078.6211,19065078.6211,19065078.6211,0,0,0,3364762.95703,3364762.95703,3364762.95703,0,0,0,0,0,0,1488026591.62,114463583.971,0,0,0,0,77711325.875,0,0,0,22278582.8203,1314512115.25,128758243.375,19065078.6211,3364762.95703,0,0,47808.5976562,0,0
291,817.321,18.416666666666668,45881158.375,45881158.375,45881158.375,0,0,0,0,0,0,8741526.96875,8741526.96875,8741526.96875,0,0,0,105423235.961,6201366.82123,0,1913470.5625,1913470.5625,1913470.5625,46569585.375,46569585.375,46569585.375,0,0,0,874023.625,874023.625,874023.625,0,0,0,1443471.05469,1443471.05469,1443471.05469,0,0,0,0,0,0,0,0,0,0,0,0,96681708.9922,7437054.53786,0,0,0,0,8741526.96875,0,0,46569585.375,45881158.375,874023.625,1913470.5625,1443471.05469,0,0,0,0,0,0
379,817.357,23.1,0,0,0,1754263.3457,1754263.3457,1754263.3457,0,0,0,25087689.1562,25087689.1562,25087689.1562,3534937.8125,3534937.8125,3534937.8125,155567092.211,9151005.42417,408683.535156,1180666.92578,1180666.92578,1180666.92578,805315.230469,805315.230469,805315.230469,0,0,0,580616.296875,580616.296875,580616.296875,0,0,0,708973.158203,708973.158203,708973.158203,0,0,0,408683.535156,408683.535156,408683.535156,121505946.75,121505946.75,121505946.75,0,0,0,130479403.055,10036877.1581,580616.296875,0,0,0,25087689.1562,121505946.75,3534937.8125,805315.230469,0,580616.296875,1180666.92578,708973.158203,408683.535156,0,0,0,0,1754263.3457
466,819.295,21.833333333333332,0,0,0,0,0,0,0,0,0,1000788.04688,1000788.04688,1000788.04688,49243544.375,49243544.375,49243544.375,50668558.5332,2980503.44313,0,0,0,0,127983.523438,127983.523438,127983.523438,0,0,0,0,0,0,0,0,0,0,0,0,0,0,0,0,0,0,296242.587891,296242.587891,296242.587891,0,0,0,49667770.4863,3820597.72972,0,0,0,0,1000788.04688,296242.587891,49243544.375,127983.523438,0,0,0,0,0,0,0,0,0,0
200,819.303,9.7,4401801.51562,4401801.51562,4401801.51562,0,0,0,0,0,0,102660935,102660935,102660935,0,0,0,846037702.205,49766923.6591,0,40949989.3438,40949989.3438,40949989.3438,0,0,0,0,0,0,684046872.688,684046872.688,684046872.688,35790.59375,35790.59375,35790.59375,10623591.2227,10623591.2227,10623591.2227,0,0,0,3318721.8418,3318721.8418,3318721.8418,0,0,0,0,0,0,743376767.205,57182828.2465,0,0,0,0,102660935,0,0,0,4401801.51562,684046872.688,40949989.3438,10623591.2227,3318721.8418,35790.59375,0,0,0,0
1106,819.356,27.783333333333335,0,0,0,51086218.625,51086218.625,51086218.625,0,0,0,2007536.84766,2007536.84766,2007536.84766,0,0,0,53147107.7422,3126300.45542,0,0,0,0,0,0,0,0,0,0,0,0,0,0,0,0,0,0,0,0,0,0,0,0,0,53352.2695312,53352.2695312,53352.2695312,0,0,0,51139570.8945,3933813.14573,0,0,0,0,2007536.84766,53352.2695312,0,0,0,0,0,0,0,0,0,0,0,51086218.625
180,820.349,20.166666666666668,246688275.875,246688275.875,246688275.875,0,0,0,0,0,0,111459382,111459382,111459382,2896345.33984,2896345.33984,2896345.33984,387591832.434,22799519.5549,0,11984425.6035,11984425.6035,11984425.6035,766788.541016,766788.541016,766788.541016,0,0,0,8186262.61328,8186262.61328,8186262.61328,0,0,0,2818208.43555,2818208.43555,2818208.43555,0,0,0,2792144.02539,2792144.02539,2792144.02539,0,0,0,0,0,0,276132450.434,21240957.7257,766788.541016,0,0,0,111459382,0,2896345.33984,766788.541016,246688275.875,8186262.61328,11984425.6035,2818208.43555,2792144.02539,0,0,0,0,0
695,820.349,18.35,3849785.42969,3849785.42969,3849785.42969,0,0,0,0,0,0,4227020.97656,4227020.97656,4227020.97656,26189.9570312,26189.9570312,26189.9570312,91580342.6973,5387078.98219,0,5214034.09375,5214034.09375,5214034.09375,174928.035156,174928.035156,174928.035156,0,0,0,76042648.8125,76042648.8125,76042648.8125,0,0,0,2045735.39258,2045735.39258,2045735.39258,0,0,0,0,0,0,0,0,0,0,0,0,87353321.7207,6719486.28621,0,0,0,0,4227020.97656,0,26189.9570312,174928.035156,3849785.42969,76042648.8125,5214034.09375,2045735.39258,0,0,0,0,0,0
333,822.332,13.266666666666667,0,0,0,0,0,0,0,0,0,8014787.60938,8014787.60938,8014787.60938,0,0,0,589467370.711,34674551.2183,0,350776582.812,350776582.812,350776582.812,0,0,0,0,0,0,0,0,0,0,0,0,224095749.25,224095749.25,224095749.25,0,0,0,6580251.03906,6580251.03906,6580251.03906,0,0,0,0,0,0,581452583.102,44727121.777,0,0,0,0,8014787.60938,0,0,0,0,0,350776582.812,224095749.25,6580251.03906,0,0,0,0,0
740,822.333,14.333333333333334,0,0,0,0,0,0,0,0,0,2140873.625,2140873.625,2140873.625,0,0,0,121943755.111,7173162.06537,0,97666532.75,97666532.75,97666532.75,0,0,0,0,0,0,1671510.09961,1671510.09961,1671510.09961,0,0,0,19248800.9688,19248800.9688,19248800.9688,0,0,0,1216037.66797,1216037.66797,1216037.66797,0,0,0,0,0,0,119802881.486,9215606.26818,0,0,0,0,2140873.625,0,0,0,0,1671510.09961,97666532.75,19248800.9688,1216037.66797,0,0,0,0,0
800,822.333,14.85,0,0,0,0,0,0,0,0,0,2262157.52344,2262157.52344,2262157.52344,0,0,0,177643791.18,10449634.7753,0,162271153.75,162271153.75,162271153.75,0,0,0,0,0,0,966388.003906,966388.003906,966388.003906,0,0,0,11957163.1094,11957163.1094,11957163.1094,0,0,0,186928.792969,186928.792969,186928.792969,0,0,0,0,0,0,175381633.656,13490894.8966,0,0,0,0,2262157.52344,0,0,0,0,966388.003906,162271153.75,11957163.1094,186928.792969,0,0,0,0,0
883,822.368,15.816666666666666,99322.3515625,99322.3515625,99322.3515625,25386.109375,25386.109375,25386.109375,0,0,0,10470629.2148,10470629.2148,10470629.2148,0,0,0,549002850.004,32294285.2943,0,6987994.82812,6987994.82812,6987994.82812,0,0,0,0,0,0,3274948.84375,3274948.84375,3274948.84375,0,0,0,520489675.125,520489675.125,520489675.125,0,0,0,7654893.53125,7654893.53125,7654893.53125,0,0,0,0,0,0,538532220.789,41425555.4453,0,0,0,0,10470629.2148,0,0,0,99322.3515625,3274948.84375,6987994.82812,520489675.125,7654893.53125,0,0,0,0,25386.109375
543,822.368,21.25,14706229.3555,14706229.3555,14706229.3555,0,0,0,0,0,0,15655148.6953,15655148.6953,15655148.6953,112463.833984,112463.833984,112463.833984,191830699.654,11284158.8032,0,2456228.49609,2456228.49609,2456228.49609,156191545.625,156191545.625,156191545.625,0,0,0,1559484.34961,1559484.34961,1559484.34961,0,0,0,616386.644531,616386.644531,616386.644531,0,0,0,533212.654297,533212.654297,533212.654297,0,0,0,0,0,0,176175550.959,13551965.4584,112463.833984,0,0,0,15655148.6953,0,112463.833984,156191545.625,14706229.3555,1559484.34961,2456228.49609,616386.644531,533212.654297,0,0,0,0,0
94,823.313,19.666666666666668,372432450.438,372432450.438,372432450.438,0,0,0,0,0,0,121132187.875,121132187.875,121132187.875,4013283.97266,4013283.97266,4013283.97266,1761222699.44,103601335.261,400430.167969,34089592.1758,34089592.1758,34089592.1758,1166494596.5,1166494596.5,1166494596.5,0,0,0,34547430,34547430,34547430,400430.167969,400430.167969,400430.167969,16500575.2695,16500575.2695,16500575.2695,0,0,0,11571259.8789,11571259.8789,11571259.8789,0,0,0,40893.1640625,13631.0546875,0,1640049618.4,126157662.954,4013283.97266,40893.1640625,0,0,121132187.875,0,4013283.97266,1166494596.5,372432450.438,34547430,34089592.1758,16500575.2695,11571259.8789,400430.167969,0,0,0,0
33,823.314,17.95,104839464.875,104839464.875,104839464.875,0,0,0,0,0,0,112651570.062,112651570.062,112651570.062,928400.146484,928400.146484,928400.146484,1083075927.12,63710348.6538,0,243231222.875,243231222.875,243231222.875,1702166.37109,1702166.37109,1702166.37109,0,0,0,603157394.625,603157394.625,603157394.625,0,0,0,14421844.0156,14421844.0156,14421844.0156,0,0,0,2143864.14453,2143864.14453,2143864.14453,0,0,0,0,0,0,970424357.053,74648027.4656,928400.146484,0,0,0,112651570.062,0,928400.146484,1702166.37109,104839464.875,603157394.625,243231222.875,14421844.0156,2143864.14453,0,0,0,0,0
619,824.377,17.3,98949193,98949193,98949193,0,0,0,0,0,0,20617826.6328,20617826.6328,20617826.6328,36174.7890625,36174.7890625,36174.7890625,124785322.674,7340313.09846,0,607949.40625,607949.40625,607949.40625,0,0,0,0,0,0,1726046.08398,1726046.08398,1726046.08398,0,0,0,1949172.81641,1949172.81641,1949172.81641,0,0,0,898959.945312,898959.945312,898959.945312,0,0,0,0,0,0,104167496.041,8012884.31085,0,0,0,0,20617826.6328,0,36174.7890625,0,98949193,1726046.08398,607949.40625,1949172.81641,898959.945312,0,0,0,0,0
172,825.33,15.283333333333333,707000.240234,707000.240234,707000.240234,0,0,0,0,0,0,69454214.5,69454214.5,69454214.5,0,0,0,162683445.148,9569614.4205,0,1329013.13477,1329013.13477,1329013.13477,0,0,0,0,0,0,87983961.25,87983961.25,87983961.25,0,0,0,3209256.02344,3209256.02344,3209256.02344,0,0,0,0,0,0,0,0,0,0,0,0,93229230.6484,7171479.28065,0,0,0,0,69454214.5,0,0,0,707000.240234,87983961.25,1329013.13477,3209256.02344,0,0,0,0,0,0
396,825.364,26.183333333333334,1003536.39258,1003536.39258,1003536.39258,131105.75,131105.75,131105.75,0,0,0,16658715.7188,16658715.7188,16658715.7188,22131806.5625,22131806.5625,22131806.5625,167641774.807,9861280.87098,402087.046875,871669.392578,871669.392578,871669.392578,12556199.1445,12556199.1445,12556199.1445,0,0,0,583541.130859,583541.130859,583541.130859,0,0,0,814468.542969,814468.542969,814468.542969,0,0,0,402087.046875,402087.046875,402087.046875,112488645.125,112488645.125,112488645.125,0,0,0,150983059.088,11614081.4683,583541.130859,0,0,0,16658715.7188,112488645.125,22131806.5625,12556199.1445,1003536.39258,583541.130859,871669.392578,814468.542969,402087.046875,0,0,0,0,131105.75
337,826.339,19.833333333333332,0,0,0,0,0,0,0,0,0,19780653.0664,19780653.0664,19780653.0664,0,0,0,1249551357.84,73503021.0492,0,190977061.875,190977061.875,190977061.875,188556.28125,188556.28125,188556.28125,0,0,0,55363.2890625,55363.2890625,55363.2890625,0,0,0,1030853474.25,1030853474.25,1030853474.25,0,0,0,7696249.07422,7696249.07422,7696249.07422,0,0,0,0,0,0,1229770704.77,94597746.5207,0,0,0,0,19780653.0664,0,0,188556.28125,0,55363.2890625,190977061.875,1030853474.25,7696249.07422,0,0,0,0,0
600,826.383,20.466666666666665,3877561.47266,3877561.47266,3877561.47266,0,0,0,0,0,0,20178587.8867,20178587.8867,20178587.8867,966390.414062,966390.414062,966390.414062,166715970.352,9806821.78539,0,1884643.33789,1884643.33789,1884643.33789,137641844.875,137641844.875,137641844.875,0,0,0,1582208.20508,1582208.20508,1582208.20508,0,0,0,252768.875,252768.875,252768.875,0,0,0,331965.285156,331965.285156,331965.285156,0,0,0,0,0,0,146537382.465,11272106.3434,252768.875,0,0,0,20178587.8867,0,966390.414062,137641844.875,3877561.47266,1582208.20508,1884643.33789,252768.875,331965.285156,0,0,0,0,0
6,827.327,26.3,24283358.2461,24283358.2461,24283358.2461,1449795398.12,1449795398.12,1449795398.12,39847.2734375,39847.2734375,39847.2734375,511212935.438,511212935.438,511212935.438,60378009.375,60378009.375,60378009.375,2411307266.33,141841603.902,37375129.957,73269989.25,73269989.25,73269989.25,37640752.5625,37640752.5625,37640752.5625,0,0,0,43460410.0859,43460410.0859,43460410.0859,826056.265625,826056.265625,826056.265625,78532955.625,78532955.625,78532955.625,0,0,0,37375129.957,37375129.957,37375129.957,94492424.125,94492424.125,94492424.125,0,0,0,1900094330.89,146161102.376,37640752.5625,0,0,0,511212935.438,94492424.125,60378009.375,37640752.5625,24283358.2461,43460410.0859,73269989.25,78532955.625,37375129.957,826056.265625,0,0,39847.2734375,1449795398.12
934,827.336,11.45,0,0,0,0,0,0,0,0,0,9813356.3125,9813356.3125,9813356.3125,0,0,0,333506317.188,19618018.6581,0,0,0,0,0,0,0,0,0,0,0,0,0,0,0,0,0,0,0,0,0,0,323692960.875,323692960.875,323692960.875,0,0,0,0,0,0,323692960.875,24899458.5288,0,0,0,0,9813356.3125,0,0,0,0,0,0,0,323692960.875,0,0,0,0,0
990,827.336,15.083333333333334,0,0,0,0,0,0,0,0,0,12873901.041,12873901.041,12873901.041,0,0,0,503630445.283,29625320.3108,0,286801.603516,286801.603516,286801.603516,0,0,0,0,0,0,9750539.5625,9750539.5625,9750539.5625,0,0,0,224116.576172,224116.576172,224116.576172,0,0,0,480495086.5,480495086.5,480495086.5,0,0,0,0,0,0,490756544.242,37750503.4032,0,0,0,0,12873901.041,0,0,0,0,9750539.5625,286801.603516,224116.576172,480495086.5,0,0,0,0,0
210,828.318,17.783333333333335,95696949.125,95696949.125,95696949.125,0,0,0,0,0,0,53780731.625,53780731.625,53780731.625,660877.140625,660877.140625,660877.140625,165782064.355,9751886.13856,25149.546875,11180787.3789,11180787.3789,11180787.3789,25149.546875,25149.546875,25149.546875,0,0,0,2328348.625,2328348.625,2328348.625,0,0,0,1465550.77734,1465550.77734,1465550.77734,0,0,0,614330.746094,614330.746094,614330.746094,0,0,0,29339.390625,9779.796875,0,111971993.34,8613230.25691,25149.546875,29339.390625,0,0,53780731.625,0,660877.140625,25149.546875,95696949.125,2328348.625,11180787.3789,1465550.77734,614330.746094,0,0,0,0,0
680,828.381,20.133333333333333,197513.855469,197513.855469,197513.855469,0,0,0,0,0,0,4121176.3125,4121176.3125,4121176.3125,0,0,0,169106355.574,9947432.68084,0,190728.203125,190728.203125,190728.203125,2357442.57812,2357442.57812,2357442.57812,0,0,0,162239494.625,162239494.625,162239494.625,0,0,0,0,0,0,0,0,0,0,0,0,0,0,0,0,0,0,164985179.262,12691167.6355,0,0,0,0,4121176.3125,0,0,2357442.57812,197513.855469,162239494.625,190728.203125,0,0,0,0,0,0,0
682,828.381,19.483333333333334,6929738.53906,6929738.53906,6929738.53906,0,0,0,0,0,0,6296389.00781,6296389.00781,6296389.00781,0,0,0,163172696.799,9598393.92934,0,2739717.27734,2739717.27734,2739717.27734,0,0,0,0,0,0,146484128.125,146484128.125,146484128.125,0,0,0,722723.849609,722723.849609,722723.849609,0,0,0,0,0,0,0,0,0,0,0,0,156876307.791,12067408.2916,0,0,0,0,6296389.00781,0,0,0,6929738.53906,146484128.125,2739717.27734,722723.849609,0,0,0,0,0,0
444,828.417,25.666666666666668,106978.125,106978.125,106978.125,244550.148438,244550.148438,244550.148438,0,0,0,8538551.59766,8538551.59766,8538551.59766,183208095.5,183208095.5,183208095.5,202678656.912,11922273.936,106978.125,411309.855469,411309.855469,411309.855469,2518027.46875,2518027.46875,2518027.46875,0,0,0,176954.394531,176954.394531,176954.394531,0,0,0,278184.861328,278184.861328,278184.861328,0,0,0,0,0,0,7196004.96094,7196004.96094,7196004.96094,0,0,0,194140105.314,14933854.255,176954.394531,0,0,0,8538551.59766,7196004.96094,183208095.5,2518027.46875,106978.125,176954.394531,411309.855469,278184.861328,0,0,0,0,0,244550.148438
65,829.363,24.083333333333332,2231697.11328,2231697.11328,2231697.11328,0,0,0,0,0,0,102085372.375,102085372.375,102085372.375,450207580.875,450207580.875,450207580.875,973488898.441,57264052.8495,1863786.97656,7652268.26562,7652268.26562,7652268.26562,15652624.9023,15652624.9023,15652624.9023,0,0,0,4639886.19531,4639886.19531,4639886.19531,0,0,0,5632459.80078,5632459.80078,5632459.80078,0,0,0,1863786.97656,1863786.97656,1863786.97656,383523221.938,383523221.938,383523221.938,0,0,0,871403526.066,67031040.4666,2231697.11328,0,0,0,102085372.375,383523221.938,450207580.875,15652624.9023,2231697.11328,4639886.19531,7652268.26562,5632459.80078,1863786.97656,0,0,0,0,0
151,830.357,16.35,0,0,0,0,0,0,0,0,0,111208943.5,111208943.5,111208943.5,0,0,0,3147335275.96,185137369.174,0,270139381.938,270139381.938,270139381.938,0,0,0,0,0,0,2944648.77344,2944648.77344,2944648.77344,0,0,0,2729340962.5,2729340962.5,2729340962.5,0,0,0,33701339.2539,33701339.2539,33701339.2539,0,0,0,0,0,0,3036126332.46,233548179.42,0,0,0,0,111208943.5,0,0,0,0,2944648.77344,270139381.938,2729340962.5,33701339.2539,0,0,0,0,0
36,831.343,20.466666666666665,88172039.25,88172039.25,88172039.25,0,0,0,0,0,0,293220113.625,293220113.625,293220113.625,13165020.9414,13165020.9414,13165020.9414,2039646130.95,119979184.174,250142.15625,51324386.5,51324386.5,51324386.5,1528992240.38,1528992240.38,1528992240.38,0,0,0,35012059.3125,35012059.3125,35012059.3125,250142.15625,250142.15625,250142.15625,12267911.3516,12267911.3516,12267911.3516,0,0,0,17173716.4648,17173716.4648,17173716.4648,0,0,0,68500.9765625,22833.6588542,0,1746357516.35,134335193.566,12267911.3516,68500.9765625,0,0,293220113.625,0,13165020.9414,1528992240.38,88172039.25,35012059.3125,51324386.5,12267911.3516,17173716.4648,250142.15625,0,0,0,0
224,832.34,20.5,41555493.4805,41555493.4805,41555493.4805,0,0,0,0,0,0,125296019.25,125296019.25,125296019.25,5947020.92188,5947020.92188,5947020.92188,885271449.893,52074791.1702,96915.8886719,20889906.7461,20889906.7461,20889906.7461,661464403.875,661464403.875,661464403.875,0,0,0,15933282.2148,15933282.2148,15933282.2148,96915.8886719,96915.8886719,96915.8886719,4495799.45312,4495799.45312,4495799.45312,0,0,0,9592608.0625,9592608.0625,9592608.0625,0,0,0,0,0,0,759975430.643,58459648.511,4495799.45312,0,0,0,125296019.25,0,5947020.92188,661464403.875,41555493.4805,15933282.2148,20889906.7461,4495799.45312,9592608.0625,96915.8886719,0,0,0,0
76,834.368,21.15,241889562,241889562,241889562,0,0,0,0,0,0,126623374.875,126623374.875,126623374.875,1996246.80078,1996246.80078,1996246.80078,696381474.584,40963616.152,0,313208843.625,313208843.625,313208843.625,0,0,0,0,0,0,8490931.95703,8490931.95703,8490931.95703,0,0,0,1738788.52148,1738788.52148,1738788.52148,0,0,0,2433726.80469,2433726.80469,2433726.80469,0,0,0,0,0,0,569758099.709,43827546.1315,0,0,0,0,126623374.875,0,1996246.80078,0,241889562,8490931.95703,313208843.625,1738788.52148,2433726.80469,0,0,0,0,0
620,834.368,24.383333333333333,53081653.75,53081653.75,53081653.75,0,0,0,0,0,0,25466459.3438,25466459.3438,25466459.3438,516583.064453,516583.064453,516583.064453,85389764.6641,5022927.33318,27853.5,2591606.82422,2591606.82422,2591606.82422,854100.65625,854100.65625,854100.65625,0,0,0,1559091.43164,1559091.43164,1559091.43164,0,0,0,1055623.87109,1055623.87109,1055623.87109,0,0,0,236792.222656,236792.222656,236792.222656,0,0,0,27853.5,9284.5,0,59895451.8203,4607342.44772,236792.222656,27853.5,0,0,25466459.3438,0,516583.064453,854100.65625,53081653.75,1559091.43164,2591606.82422,1055623.87109,236792.222656,0,0,0,0,0
657,834.368,21.9,1465130.29688,1465130.29688,1465130.29688,0,0,0,0,0,0,6830116.17969,6830116.17969,6830116.17969,535724.148438,535724.148438,535724.148438,393116929.023,23124525.2367,0,280140207.625,280140207.625,280140207.625,1988346.92188,1988346.92188,1988346.92188,0,0,0,98247535.375,98247535.375,98247535.375,0,0,0,3271471.875,3271471.875,3271471.875,0,0,0,638396.601562,638396.601562,638396.601562,0,0,0,0,0,0,386286812.844,29714370.2188,535724.148438,0,0,0,6830116.17969,0,535724.148438,1988346.92188,1465130.29688,98247535.375,280140207.625,3271471.875,638396.601562,0,0,0,0,0
806,836.31,15.133333333333333,0,0,0,0,0,0,0,0,0,854200.316406,854200.316406,854200.316406,0,0,0,113401180.707,6670657.68865,0,0,0,0,0,0,0,0,0,0,0,0,0,0,0,0,97835037,97835037,97835037,0,0,0,14711943.3906,14711943.3906,14711943.3906,0,0,0,0,0,0,112546980.391,8657460.03005,0,0,0,0,854200.316406,0,0,0,0,0,0,97835037,14711943.3906,0,0,0,0,0
773,836.347,15.75,0,0,0,0,0,0,0,0,0,757560.128906,757560.128906,757560.128906,0,0,0,102998948.383,6058761.66958,0,97204904.625,97204904.625,97204904.625,0,0,0,0,0,0,0,0,0,0,0,0,4978324.14062,4978324.14062,4978324.14062,0,0,0,58159.4882812,58159.4882812,58159.4882812,0,0,0,0,0,0,102241388.254,7864722.17338,0,0,0,0,757560.128906,0,0,0,0,0,97204904.625,4978324.14062,58159.4882812,0,0,0,0,0
64,836.347,17.45,30210.5039062,30210.5039062,30210.5039062,0,0,0,0,0,0,97002807,97002807,97002807,0,0,0,769370803.094,45257106.0643,0,85374355.75,85374355.75,85374355.75,0,0,0,0,0,0,560884142.625,560884142.625,560884142.625,77327.609375,77327.609375,77327.609375,18853779.6719,18853779.6719,18853779.6719,0,0,0,7148179.93359,7148179.93359,7148179.93359,0,0,0,0,0,0,672367996.094,51720615.0841,0,0,0,0,97002807,0,0,0,30210.5039062,560884142.625,85374355.75,18853779.6719,7148179.93359,77327.609375,0,0,0,0
161,836.384,19.166666666666668,180479968.375,180479968.375,180479968.375,0,0,0,0,0,0,80599739.25,80599739.25,80599739.25,3654379.50781,3654379.50781,3654379.50781,288776881.973,16986875.4102,25936.6796875,12971392.5078,12971392.5078,12971392.5078,433819.222656,433819.222656,433819.222656,0,0,0,6590318.19141,6590318.19141,6590318.19141,0,0,0,2286007.91406,2286007.91406,2286007.91406,0,0,0,1735320.32422,1735320.32422,1735320.32422,25936.6796875,25936.6796875,25936.6796875,0,0,0,208177142.723,16013626.3633,433819.222656,0,0,0,80599739.25,25936.6796875,3654379.50781,433819.222656,180479968.375,6590318.19141,12971392.5078,2286007.91406,1735320.32422,0,0,0,0,0
666,836.384,21.35,2191574.77344,2191574.77344,2191574.77344,0,0,0,0,0,0,5268787.80469,5268787.80469,5268787.80469,0,0,0,154654388.18,9097316.95175,0,6207719.21094,6207719.21094,6207719.21094,0,0,0,0,0,0,140065184.25,140065184.25,140065184.25,0,0,0,824856.21875,824856.21875,824856.21875,0,0,0,96265.921875,96265.921875,96265.921875,0,0,0,0,0,0,149385600.375,11491200.0288,0,0,0,0,5268787.80469,0,0,0,2191574.77344,140065184.25,6207719.21094,824856.21875,96265.921875,0,0,0,0,0
265,837.326,21.916666666666668,11868153.9297,11868153.9297,11868153.9297,22067.9863281,22067.9863281,22067.9863281,0,0,0,49138549.25,49138549.25,49138549.25,253094522.5,253094522.5,253094522.5,1057416673.24,62200980.7788,22067.9863281,4033344.23828,4033344.23828,4033344.23828,730861205.875,730861205.875,730861205.875,0,0,0,3248227.46484,3248227.46484,3248227.46484,0,0,0,2742875.97656,2742875.97656,2742875.97656,0,0,0,2407726.01953,2407726.01953,2407726.01953,0,0,0,0,0,0,1008278123.99,77559855.6916,2407726.01953,0,0,0,49138549.25,0,253094522.5,730861205.875,11868153.9297,3248227.46484,4033344.23828,2742875.97656,2407726.01953,0,0,0,0,22067.9863281
190,838.361,16.766666666666666,17697288.1016,17697288.1016,17697288.1016,0,0,0,0,0,0,51514359.125,51514359.125,51514359.125,0,0,0,480445796.113,28261517.4184,0,31695994.9375,31695994.9375,31695994.9375,0,0,0,0,0,0,373080912.625,373080912.625,373080912.625,0,0,0,2081281.14062,2081281.14062,2081281.14062,0,0,0,4375960.18359,4375960.18359,4375960.18359,0,0,0,0,0,0,428931436.988,32994725.9222,0,0,0,0,51514359.125,0,0,0,17697288.1016,373080912.625,31695994.9375,2081281.14062,4375960.18359,0,0,0,0,0
687,839.307,12.816666666666666,0,0,0,0,0,0,0,0,0,9587867.31641,9587867.31641,9587867.31641,0,0,0,177714846.395,10453814.4938,0,7256308.95312,7256308.95312,7256308.95312,0,0,0,0,0,0,160870670.125,160870670.125,160870670.125,0,0,0,0,0,0,0,0,0,0,0,0,0,0,0,0,0,0,168126979.078,12932844.5445,0,0,0,0,9587867.31641,0,0,0,0,160870670.125,7256308.95312,0,0,0,0,0,0,0
787,840.318,20.033333333333335,78135.3339844,78135.3339844,78135.3339844,0,0,0,0,0,0,8563639.43359,8563639.43359,8563639.43359,0,0,0,828196861.879,48717462.4635,0,765303836.25,765303836.25,765303836.25,2367432.98438,2367432.98438,2367432.98438,0,0,0,20897214.6953,20897214.6953,20897214.6953,0,0,0,29384062.9648,29384062.9648,29384062.9648,0,0,0,1602540.2168,1602540.2168,1602540.2168,0,0,0,0,0,0,819633222.445,63048709.4189,0,0,0,0,8563639.43359,0,0,2367432.98438,78135.3339844,20897214.6953,765303836.25,29384062.9648,1602540.2168,0,0,0,0,0
70,840.319,18.666666666666668,144221584.625,144221584.625,144221584.625,0,0,0,0,0,0,73471793.125,73471793.125,73471793.125,1346276.57031,1346276.57031,1346276.57031,279131108.898,16419476.994,0,11267582.125,11267582.125,11267582.125,0,0,0,0,0,0,43945552.6875,43945552.6875,43945552.6875,0,0,0,3377341.2207,3377341.2207,3377341.2207,0,0,0,1500978.54492,1500978.54492,1500978.54492,0,0,0,0,0,0,205659315.773,15819947.3672,0,0,0,0,73471793.125,0,1346276.57031,0,144221584.625,43945552.6875,11267582.125,3377341.2207,1500978.54492,0,0,0,0,0
905,840.355,21.366666666666667,61945.8417969,61945.8417969,61945.8417969,0,0,0,0,0,0,127865.308594,127865.308594,127865.308594,0,0,0,90405832.0332,5317990.1196,0,2170391.13281,2170391.13281,2170391.13281,1362910.71875,1362910.71875,1362910.71875,0,0,0,39748.0078125,39748.0078125,39748.0078125,0,0,0,86609055.5,86609055.5,86609055.5,0,0,0,33915.5234375,33915.5234375,33915.5234375,0,0,0,0,0,0,90277966.7246,6944458.97882,0,0,0,0,127865.308594,0,0,1362910.71875,61945.8417969,39748.0078125,2170391.13281,86609055.5,33915.5234375,0,0,0,0,0
178,841.313,11.183333333333334,0,0,0,0,0,0,0,0,0,83408360.875,83408360.875,83408360.875,0,0,0,2761109552.12,162418208.948,0,112434.966797,112434.966797,112434.966797,0,0,0,0,0,0,1340570.78906,1340570.78906,1340570.78906,0,0,0,248751.859375,248751.859375,248751.859375,0,0,0,2675999433.62,2675999433.62,2675999433.62,0,0,0,0,0,0,2677701191.24,205977014.711,0,0,0,0,83408360.875,0,0,0,0,1340570.78906,112434.966797,248751.859375,2675999433.62,0,0,0,0,0
1158,841.341,27.8,307295.957031,307295.957031,307295.957031,295294781.75,295294781.75,295294781.75,0,0,0,26132237.3203,26132237.3203,26132237.3203,1240980.40625,1240980.40625,1240980.40625,332783891.201,19575523.0118,554599.894531,2117459.12109,2117459.12109,2117459.12109,1251237.28516,1251237.28516,1251237.28516,0,0,0,822050.521484,822050.521484,822050.521484,0,0,0,1943750.9375,1943750.9375,1943750.9375,0,0,0,554599.894531,554599.894531,554599.894531,3119498.00781,3119498.00781,3119498.00781,0,0,0,306651653.881,23588588.7601,822050.521484,0,0,0,26132237.3203,3119498.00781,1240980.40625,1251237.28516,307295.957031,822050.521484,2117459.12109,1943750.9375,554599.894531,0,0,0,0,295294781.75
953,841.35,13.866666666666667,0,0,0,0,0,0,0,0,0,11013676.6133,11013676.6133,11013676.6133,0,0,0,629838357.322,37049315.1366,0,0,0,0,0,0,0,0,0,0,0,0,0,0,0,0,244241.650391,244241.650391,244241.650391,0,0,0,618559299.625,618559299.625,618559299.625,0,0,0,21139.4335938,7046.47786458,0,618803541.275,47600272.4058,0,21139.4335938,0,0,11013676.6133,0,0,0,0,0,0,244241.650391,618559299.625,0,0,0,0,0
1037,841.526,37.43333333333333,0,0,0,0,0,0,0,0,0,136976.007812,136976.007812,136976.007812,0,0,0,54353207.0566,3197247.47392,0,0,0,0,0,0,0,65082.2988281,65082.2988281,65082.2988281,0,0,0,0,0,0,0,0,0,54151148.75,54151148.75,54151148.75,0,0,0,0,0,0,0,0,0,54216231.0488,4170479.31145,0,0,0,0,136976.007812,0,0,0,0,0,0,0,0,0,54151148.75,65082.2988281,0,0
340,844.374,18.366666666666667,0,0,0,0,0,0,0,0,0,1188327.62305,1188327.62305,1188327.62305,0,0,0,316948437.807,18644025.7533,0,266574464.688,266574464.688,266574464.688,0,0,0,0,0,0,126717.074219,126717.074219,126717.074219,0,0,0,48243672,48243672,48243672,0,0,0,815256.421875,815256.421875,815256.421875,0,0,0,0,0,0,315760110.184,24289239.2449,0,0,0,0,1188327.62305,0,0,0,0,126717.074219,266574464.688,48243672,815256.421875,0,0,0,0,0
73,844.411,22.183333333333334,205077421.562,205077421.562,205077421.562,0,0,0,0,0,0,116767426.25,116767426.25,116767426.25,2112476.76562,2112476.76562,2112476.76562,568288883.377,33428757.8457,0,9313967.58984,9313967.58984,9313967.58984,225035448.625,225035448.625,225035448.625,0,0,0,5011120.39062,5011120.39062,5011120.39062,0,0,0,2714883.99219,2714883.99219,2714883.99219,0,0,0,2256138.20117,2256138.20117,2256138.20117,0,0,0,0,0,0,451521457.127,34732419.779,2112476.76562,0,0,0,116767426.25,0,2112476.76562,225035448.625,205077421.562,5011120.39062,9313967.58984,2714883.99219,2256138.20117,0,0,0,0,0
258,845.357,22.4,350088.234375,350088.234375,350088.234375,0,0,0,0,0,0,3391357.51562,3391357.51562,3391357.51562,124934436.75,124934436.75,124934436.75,296970978.607,17468881.0946,0,798911.109375,798911.109375,798911.109375,166919736.562,166919736.562,166919736.562,0,0,0,86488.2265625,86488.2265625,86488.2265625,0,0,0,461432.027344,461432.027344,461432.027344,0,0,0,28528.1816406,28528.1816406,28528.1816406,0,0,0,0,0,0,293579621.092,22583047.7763,28528.1816406,0,0,0,3391357.51562,0,124934436.75,166919736.562,350088.234375,86488.2265625,798911.109375,461432.027344,28528.1816406,0,0,0,0,0
491,845.395,27.083333333333332,0,0,0,69761.3378906,69761.3378906,69761.3378906,0,0,0,3694601.50781,3694601.50781,3694601.50781,60026446.25,60026446.25,60026446.25,81705849.5742,4806226.44554,0,118318.410156,118318.410156,118318.410156,17705151.5,17705151.5,17705151.5,0,0,0,33391.0117188,33391.0117188,33391.0117188,0,0,0,58179.5566406,58179.5566406,58179.5566406,0,0,0,0,0,0,0,0,0,0,0,0,78011248.0664,6000865.23588,0,0,0,0,3694601.50781,0,60026446.25,17705151.5,0,33391.0117188,118318.410156,58179.5566406,0,0,0,0,0,69761.3378906
819,848.328,19.75,0,0,0,0,0,0,0,0,0,438115.488281,438115.488281,438115.488281,0,0,0,169105069.773,9947357.0455,0,23118586.7188,23118586.7188,23118586.7188,0,0,0,0,0,0,0,0,0,0,0,0,144019197.875,144019197.875,144019197.875,0,0,0,1529169.69141,1529169.69141,1529169.69141,0,0,0,0,0,0,168666954.285,12974381.0989,0,0,0,0,438115.488281,0,0,0,0,0,23118586.7188,144019197.875,1529169.69141,0,0,0,0,0
307,848.346,18.2,0,0,0,0,0,0,0,0,0,832459.089844,832459.089844,832459.089844,0,0,0,199260904.721,11721229.6895,0,107380865.688,107380865.688,107380865.688,0,0,0,0,0,0,90055250.5,90055250.5,90055250.5,0,0,0,992329.443359,992329.443359,992329.443359,0,0,0,0,0,0,0,0,0,0,0,0,198428445.631,15263726.587,0,0,0,0,832459.089844,0,0,0,0,90055250.5,107380865.688,992329.443359,0,0,0,0,0,0
665,848.347,19.55,20595.6992188,20595.6992188,20595.6992188,0,0,0,0,0,0,1493166.30469,1493166.30469,1493166.30469,0,0,0,94612303.2773,5565429.60455,0,26741365.9219,26741365.9219,26741365.9219,0,0,0,0,0,0,66253646.75,66253646.75,66253646.75,0,0,0,75380.3203125,75380.3203125,75380.3203125,0,0,0,28148.28125,28148.28125,28148.28125,0,0,0,0,0,0,93119136.9727,7163010.53636,0,0,0,0,1493166.30469,0,0,0,20595.6992188,66253646.75,26741365.9219,75380.3203125,28148.28125,0,0,0,0,0
143,849.346,11.8,0,0,0,0,0,0,0,0,0,63705061.75,63705061.75,63705061.75,0,0,0,2289688419.23,134687554.073,0,0,0,0,0,0,0,0,0,0,0,0,0,0,0,0,3139476.98438,3139476.98438,3139476.98438,0,0,0,2222843880.5,2222843880.5,2222843880.5,0,0,0,0,0,0,2225983357.48,171229489.037,0,0,0,0,63705061.75,0,0,0,0,0,0,3139476.98438,2222843880.5,0,0,0,0,0
676,850.357,20.15,0,0,0,0,0,0,0,0,0,997564.082031,997564.082031,997564.082031,0,0,0,48618560.8281,2859915.34283,0,728989.441406,728989.441406,728989.441406,0,0,0,0,0,0,46841240.1875,46841240.1875,46841240.1875,25116.3789062,25116.3789062,25116.3789062,0,0,0,0,0,0,25650.7382812,25650.7382812,25650.7382812,0,0,0,0,0,0,47620996.7461,3663153.59585,0,0,0,0,997564.082031,0,0,0,0,46841240.1875,728989.441406,0,25650.7382812,25116.3789062,0,0,0,0
459,850.395,25.666666666666668,230123.675781,230123.675781,230123.675781,0,0,0,25806.0585938,25806.0585938,25806.0585938,3261643.0625,3261643.0625,3261643.0625,85605334.125,85605334.125,85605334.125,96398051.1738,5670473.59846,104893.054688,361403.265625,361403.265625,361403.265625,2693991.80859,2693991.80859,2693991.80859,0,0,0,273891.333984,273891.333984,273891.333984,29072.6855469,29072.6855469,29072.6855469,240113.076172,240113.076172,240113.076172,0,0,0,104893.054688,104893.054688,104893.054688,3571779.02734,3571779.02734,3571779.02734,0,0,0,93136408.1113,7164339.08549,230123.675781,0,0,0,3261643.0625,3571779.02734,85605334.125,2693991.80859,230123.675781,273891.333984,361403.265625,240113.076172,104893.054688,29072.6855469,0,0,25806.0585938,0
12,851.342,24.033333333333335,28212717.375,28212717.375,28212717.375,23162.5917969,23162.5917969,23162.5917969,0,0,0,518258908.438,518258908.438,518258908.438,1175068887.25,1175068887.25,1175068887.25,3129376332.4,184080960.73,20550968.8242,40749194.375,40749194.375,40749194.375,120356067.375,120356067.375,120356067.375,0,0,0,37596403.0312,37596403.0312,37596403.0312,528191.519531,528191.519531,528191.519531,53015690.5,53015690.5,53015690.5,0,0,0,20550968.8242,20550968.8242,20550968.8242,1135016141.12,1135016141.12,1135016141.12,0,0,0,2611117423.97,200855186.459,28212717.375,0,0,0,518258908.438,1135016141.12,1175068887.25,120356067.375,28212717.375,37596403.0312,40749194.375,53015690.5,20550968.8242,528191.519531,0,0,0,23162.5917969
910,852.337,16.166666666666668,0,0,0,0,0,0,0,0,0,9774369.85938,9774369.85938,9774369.85938,0,0,0,321340189.225,18902364.072,0,31062089.8594,31062089.8594,31062089.8594,0,0,0,0,0,0,299811.611328,299811.611328,299811.611328,0,0,0,275728627.688,275728627.688,275728627.688,0,0,0,4450713.95703,4450713.95703,4450713.95703,0,0,0,24576.25,8192.08333333,0,311541243.115,23964711.0089,0,0,0,24576.25,9774369.85938,0,0,0,0,299811.611328,31062089.8594,275728627.688,4450713.95703,0,0,0,0,0
310,856.348,21.883333333333333,753797.632812,753797.632812,753797.632812,0,0,0,0,0,0,3352271.91797,3352271.91797,3352271.91797,0,0,0,186091787.082,10946575.7107,0,115881136.562,115881136.562,115881136.562,37262.3242188,37262.3242188,37262.3242188,0,0,0,62673063.8125,62673063.8125,62673063.8125,0,0,0,2629865.16797,2629865.16797,2629865.16797,0,0,0,764389.664062,764389.664062,764389.664062,0,0,0,0,0,0,182739515.164,14056885.7819,0,0,0,0,3352271.91797,0,0,37262.3242188,753797.632812,62673063.8125,115881136.562,2629865.16797,764389.664062,0,0,0,0,0
611,856.348,24.383333333333333,48599651,48599651,48599651,0,0,0,0,0,0,17375397.3711,17375397.3711,17375397.3711,94660.3007812,94660.3007812,94660.3007812,74431456.5039,4378320.97082,0,2912577.73438,2912577.73438,2912577.73438,478921.386719,478921.386719,478921.386719,0,0,0,2502156.30469,2502156.30469,2502156.30469,0,0,0,1859716.28125,1859716.28125,1859716.28125,0,0,0,608376.125,608376.125,608376.125,0,0,0,0,0,0,57056059.1328,4388927.6256,94660.3007812,0,0,0,17375397.3711,0,94660.3007812,478921.386719,48599651,2502156.30469,2912577.73438,1859716.28125,608376.125,0,0,0,0,0
643,856.348,20.75,89051233.375,89051233.375,89051233.375,0,0,0,0,0,0,37912501.3164,37912501.3164,37912501.3164,28906.2070312,28906.2070312,28906.2070312,149697445.492,8805732.08778,0,10784072.5859,10784072.5859,10784072.5859,0,0,0,0,0,0,6491569.12109,6491569.12109,6491569.12109,0,0,0,2940657.61328,2940657.61328,2940657.61328,0,0,0,2488505.27344,2488505.27344,2488505.27344,0,0,0,0,0,0,111784944.176,8598841.85968,0,0,0,0,37912501.3164,0,28906.2070312,0,89051233.375,6491569.12109,10784072.5859,2940657.61328,2488505.27344,0,0,0,0,0
622,858.369,19.116666666666667,96051257.1875,96051257.1875,96051257.1875,24681.8457031,24681.8457031,24681.8457031,0,0,0,10383332.9805,10383332.9805,10383332.9805,0,0,0,125356565.354,7373915.60903,0,7398674.42969,7398674.42969,7398674.42969,0,0,0,0,0,0,6238446.95703,6238446.95703,6238446.95703,23455.0039062,23455.0039062,23455.0039062,2187393.91406,2187393.91406,2187393.91406,0,0,0,3049323.03516,3049323.03516,3049323.03516,0,0,0,0,0,0,114973232.373,8844094.79793,23455.0039062,0,0,0,10383332.9805,0,0,0,96051257.1875,6238446.95703,7398674.42969,2187393.91406,3049323.03516,23455.0039062,0,0,0,24681.8457031
647,858.369,21.333333333333332,1526339.9375,1526339.9375,1526339.9375,0,0,0,0,0,0,1032356.58008,1032356.58008,1032356.58008,0,0,0,70877824.2793,4169283.78114,0,4109234.09375,4109234.09375,4109234.09375,0,0,0,0,0,0,63707443.125,63707443.125,63707443.125,0,0,0,215779.132812,215779.132812,215779.132812,0,0,0,286671.410156,286671.410156,286671.410156,0,0,0,0,0,0,69845467.6992,5372728.28456,0,0,0,0,1032356.58008,0,0,0,1526339.9375,63707443.125,4109234.09375,215779.132812,286671.410156,0,0,0,0,0
410,861.312,26.233333333333334,83664.8554688,83664.8554688,83664.8554688,13088706.7656,13088706.7656,13088706.7656,0,0,0,8153229.64844,8153229.64844,8153229.64844,717129.785156,717129.785156,717129.785156,64353906.3984,3785523.90579,265696.554688,334289.554688,334289.554688,334289.554688,424609.494141,424609.494141,424609.494141,0,0,0,452599.470703,452599.470703,452599.470703,0,0,0,327980.019531,327980.019531,327980.019531,0,0,0,265696.554688,265696.554688,265696.554688,40506000.25,40506000.25,40506000.25,0,0,0,56200676.75,4323128.98077,327980.019531,0,0,0,8153229.64844,40506000.25,717129.785156,424609.494141,83664.8554688,452599.470703,334289.554688,327980.019531,265696.554688,0,0,0,0,13088706.7656
1018,861.321,13.15,63704.5507812,63704.5507812,63704.5507812,0,0,0,0,0,0,15042819.4648,15042819.4648,15042819.4648,0,0,0,523374018.543,30786706.9731,0,0,0,0,0,0,0,0,0,0,1164654.46484,1164654.46484,1164654.46484,0,0,0,124405.75,124405.75,124405.75,0,0,0,506978434.312,506978434.312,506978434.312,0,0,0,0,0,0,508331199.078,39102399.9291,0,0,0,0,15042819.4648,0,0,0,63704.5507812,1164654.46484,0,124405.75,506978434.312,0,0,0,0,0
1010,861.322,16.25,0,0,0,0,0,0,0,0,0,1318744.82227,1318744.82227,1318744.82227,0,0,0,64105647.082,3770920.41659,0,0,0,0,0,0,0,0,0,0,24642.6113281,24642.6113281,24642.6113281,0,0,0,65534.0234375,65534.0234375,65534.0234375,0,0,0,62696725.625,62696725.625,62696725.625,0,0,0,0,0,0,62786902.2598,4829761.71229,0,0,0,0,1318744.82227,0,0,0,0,24642.6113281,0,65534.0234375,62696725.625,0,0,0,0,0
347,863.36,13.4,0,0,0,0,0,0,0,0,0,6141608.99609,6141608.99609,6141608.99609,0,0,0,396914415.121,23347906.7718,0,0,0,0,0,0,0,0,0,0,0,0,0,0,0,0,285274287.75,285274287.75,285274287.75,0,0,0,105498518.375,105498518.375,105498518.375,0,0,0,0,0,0,390772806.125,30059446.625,0,0,0,0,6141608.99609,0,0,0,0,0,0,285274287.75,105498518.375,0,0,0,0,0
331,864.338,16.183333333333334,0,0,0,0,0,0,0,0,0,1080560.44531,1080560.44531,1080560.44531,0,0,0,288689597.406,16981741.0239,0,68409187.9375,68409187.9375,68409187.9375,28876.96875,28876.96875,28876.96875,0,0,0,0,0,0,0,0,0,217158654,217158654,217158654,0,0,0,2012318.05469,2012318.05469,2012318.05469,0,0,0,0,0,0,287609036.961,22123772.0739,0,0,0,0,1080560.44531,0,0,28876.96875,0,0,68409187.9375,217158654,2012318.05469,0,0,0,0,0
316,864.338,16.9,0,0,0,0,0,0,0,0,0,5720494.10156,5720494.10156,5720494.10156,0,0,0,122358556.367,7197562.13925,0,84726421.9375,84726421.9375,84726421.9375,0,0,0,0,0,0,15367880.7344,15367880.7344,15367880.7344,0,0,0,14974614.9375,14974614.9375,14974614.9375,0,0,0,1569144.65625,1569144.65625,1569144.65625,0,0,0,0,0,0,116638062.266,8972158.63582,0,0,0,0,5720494.10156,0,0,0,0,15367880.7344,84726421.9375,14974614.9375,1569144.65625,0,0,0,0,0
125,864.34,17.916666666666668,0,0,0,0,0,0,0,0,0,17414425.207,17414425.207,17414425.207,24538.546875,24538.546875,24538.546875,1137426976.55,66907469.2089,0,711115626.625,711115626.625,711115626.625,211196.095703,211196.095703,211196.095703,0,0,0,73119978.75,73119978.75,73119978.75,0,0,0,325996220.625,325996220.625,325996220.625,0,0,0,9544990.70117,9544990.70117,9544990.70117,0,0,0,0,0,0,1120012551.34,86154811.6418,0,0,0,0,17414425.207,0,24538.546875,211196.095703,0,73119978.75,711115626.625,325996220.625,9544990.70117,0,0,0,0,0
388,865.357,25.666666666666668,225602.796875,225602.796875,225602.796875,604782.664062,604782.664062,604782.664062,0,0,0,20944284.4141,20944284.4141,20944284.4141,12703791.2734,12703791.2734,12703791.2734,175232000.223,10307764.719,480420.416016,1481424.16602,1481424.16602,1481424.16602,1482787.78906,1482787.78906,1482787.78906,0,0,0,753304.884766,753304.884766,753304.884766,0,0,0,1105321.06836,1105321.06836,1105321.06836,0,0,0,480420.416016,480420.416016,480420.416016,135450280.75,135450280.75,135450280.75,0,0,0,154287715.809,11868285.8314,604782.664062,0,0,0,20944284.4141,135450280.75,12703791.2734,1482787.78906,225602.796875,753304.884766,1481424.16602,1105321.06836,480420.416016,0,0,0,0,604782.664062
500,865.359,23.233333333333334,66175.4140625,66175.4140625,66175.4140625,0,0,0,0,0,0,1930869.64844,1930869.64844,1930869.64844,38068343.5,38068343.5,38068343.5,43422940.2188,2554290.6011,0,50403.734375,50403.734375,50403.734375,627212.488281,627212.488281,627212.488281,0,0,0,0,0,0,0,0,0,0,0,0,0,0,0,0,0,0,2679935.43359,2679935.43359,2679935.43359,0,0,0,41492070.5703,3191697.73618,0,0,0,0,1930869.64844,2679935.43359,38068343.5,627212.488281,66175.4140625,0,50403.734375,0,0,0,0,0,0,0
286,866.393,22.166666666666668,131588324.125,131588324.125,131588324.125,30757.4394531,30757.4394531,30757.4394531,221460.5625,221460.5625,221460.5625,53502817.6562,53502817.6562,53502817.6562,421177.376953,421177.376953,421177.376953,283363612.213,16668447.7772,221460.5625,9757172.80469,9757172.80469,9757172.80469,75593987.375,75593987.375,75593987.375,0,0,0,5549206.94922,5549206.94922,5549206.94922,39225.9140625,39225.9140625,39225.9140625,3483386.82812,3483386.82812,3483386.82812,0,0,0,2825210.75,2825210.75,2825210.75,70906.1054688,70906.1054688,70906.1054688,279978.326172,93326.108724,86634.0898438,229580816.23,17660062.787,421177.376953,86634.0898438,162442.734375,30901.5019531,53502817.6562,70906.1054688,421177.376953,75593987.375,131588324.125,5549206.94922,9757172.80469,3483386.82812,2825210.75,39225.9140625,0,0,221460.5625,30757.4394531
432,867.381,27.1,1785470.11523,1785470.11523,1785470.11523,25329.4921875,25329.4921875,25329.4921875,0,0,0,24017807.0938,24017807.0938,24017807.0938,184134988.5,184134988.5,184134988.5,283617325.676,16683372.0986,211421.570312,989107.414062,989107.414062,989107.414062,70619758.25,70619758.25,70619758.25,0,0,0,211421.570312,211421.570312,211421.570312,0,0,0,712502.140625,712502.140625,712502.140625,0,0,0,269059.021484,269059.021484,269059.021484,851882.078125,851882.078125,851882.078125,0,0,0,259599518.582,19969193.7371,269059.021484,0,0,0,24017807.0938,851882.078125,184134988.5,70619758.25,1785470.11523,211421.570312,989107.414062,712502.140625,269059.021484,0,0,0,0,25329.4921875
118,868.356,23.633333333333333,280013.857422,280013.857422,280013.857422,0,0,0,0,0,0,9908985.15625,9908985.15625,9908985.15625,0,0,0,908913634.85,53465507.9323,0,716098908.125,716098908.125,716098908.125,103459935.438,103459935.438,103459935.438,0,0,0,29340669.8203,29340669.8203,29340669.8203,0,0,0,48375547.625,48375547.625,48375547.625,0,0,0,1449574.82812,1449574.82812,1449574.82812,0,0,0,0,0,0,899004649.693,69154203.8226,0,0,0,0,9908985.15625,0,0,103459935.438,280013.857422,29340669.8203,716098908.125,48375547.625,1449574.82812,0,0,0,0,0
209,869.352,15.683333333333334,0,0,0,0,0,0,0,0,0,212183645.875,212183645.875,212183645.875,0,0,0,7405448848.11,435614638.124,0,0,0,0,0,0,0,0,0,0,0,0,0,0,0,0,8722667.98047,8722667.98047,8722667.98047,0,0,0,7184516226.88,7184516226.88,7184516226.88,0,0,0,26307.3789062,8769.12630208,0,7193238894.86,553326068.835,0,26307.3789062,0,0,212183645.875,0,0,0,0,0,0,8722667.98047,7184516226.88,0,0,0,0,0
1156,869.392,27.833333333333332,0,0,0,28277618.625,28277618.625,28277618.625,0,0,0,7943880.875,7943880.875,7943880.875,662368.65625,662368.65625,662368.65625,87597570.2148,5152798.24793,80413.234375,270758.382812,270758.382812,270758.382812,80413.234375,80413.234375,80413.234375,0,0,0,165375.582031,165375.582031,165375.582031,0,0,0,260909.78125,260909.78125,260909.78125,0,0,0,96626.828125,96626.828125,96626.828125,49839618.25,49839618.25,49839618.25,0,0,0,79653689.3398,6127206.8723,96626.828125,0,0,0,7943880.875,49839618.25,662368.65625,80413.234375,0,165375.582031,270758.382812,260909.78125,96626.828125,0,0,0,0,28277618.625
778,870.361,23.883333333333333,0,0,0,0,0,0,0,0,0,984120.511719,984120.511719,984120.511719,0,0,0,134384006.844,7904941.57904,0,117781604.75,117781604.75,117781604.75,162644.058594,162644.058594,162644.058594,0,0,0,6381033.85156,6381033.85156,6381033.85156,0,0,0,7896104.09375,7896104.09375,7896104.09375,0,0,0,1178499.57812,1178499.57812,1178499.57812,0,0,0,0,0,0,133399886.332,10261529.7178,0,0,0,0,984120.511719,0,0,162644.058594,0,6381033.85156,117781604.75,7896104.09375,1178499.57812,0,0,0,0,0
922,872.373,15.55,0,0,0,0,0,0,0,0,0,260050.984375,260050.984375,260050.984375,0,0,0,75856864.8594,4462168.52114,0,0,0,0,0,0,0,0,0,0,0,0,0,0,0,0,75596813.875,75596813.875,75596813.875,0,0,0,0,0,0,0,0,0,0,0,0,75596813.875,5815139.52885,0,0,0,0,260050.984375,0,0,0,0,0,0,75596813.875,0,0,0,0,0,0
827,872.373,14.45,0,0,0,0,0,0,0,0,0,1000952.21094,1000952.21094,1000952.21094,0,0,0,234262277.627,13780133.9781,0,4126391.02734,4126391.02734,4126391.02734,0,0,0,0,0,0,0,0,0,0,0,0,228570885,228570885,228570885,0,0,0,540179.640625,540179.640625,540179.640625,23869.7480469,23869.7480469,23869.7480469,0,0,0,233261325.416,17943178.8782,0,0,0,0,1000952.21094,23869.7480469,0,0,0,0,4126391.02734,228570885,540179.640625,0,0,0,0,0
701,874.363,22.283333333333335,0,0,0,0,0,0,0,0,0,1645619.88672,1645619.88672,1645619.88672,0,0,0,60049758.334,3532338.72553,0,985484.839844,985484.839844,985484.839844,0,0,0,0,0,0,57349482.125,57349482.125,57349482.125,0,0,0,41678.9609375,41678.9609375,41678.9609375,0,0,0,27492.5214844,27492.5214844,27492.5214844,0,0,0,0,0,0,58404138.4473,4492626.03441,0,0,0,0,1645619.88672,0,0,0,0,57349482.125,985484.839844,41678.9609375,27492.5214844,0,0,0,0,0
718,881.32,14.633333333333333,5909155.21094,5909155.21094,5909155.21094,0,0,0,0,0,0,16914947.3164,16914947.3164,16914947.3164,0,0,0,272975047.209,16057355.7182,0,6553545.33008,6553545.33008,6553545.33008,0,0,0,0,0,0,241521829,241521829,241521829,0,0,0,1203256.53516,1203256.53516,1203256.53516,0,0,0,872313.816406,872313.816406,872313.816406,0,0,0,0,0,0,256060099.893,19696930.761,0,0,0,0,16914947.3164,0,0,0,5909155.21094,241521829,6553545.33008,1203256.53516,872313.816406,0,0,0,0,0
717,882.33,20.516666666666666,17639173.8125,17639173.8125,17639173.8125,0,0,0,0,0,0,15187053.3125,15187053.3125,15187053.3125,0,0,0,99249726.877,5838219.22806,0,2208280.1875,2208280.1875,2208280.1875,0,0,0,0,0,0,63911608.3125,63911608.3125,63911608.3125,0,0,0,203207.753906,203207.753906,203207.753906,0,0,0,100403.498047,100403.498047,100403.498047,0,0,0,0,0,0,84062673.5645,6466359.50496,0,0,0,0,15187053.3125,0,0,0,17639173.8125,63911608.3125,2208280.1875,203207.753906,100403.498047,0,0,0,0,0
226,883.33,12.933333333333334,0,0,0,0,0,0,0,0,0,46373277.625,46373277.625,46373277.625,0,0,0,1808550663.72,106385333.16,0,971767.261719,971767.261719,971767.261719,0,0,0,0,0,0,218882.845703,218882.845703,218882.845703,0,0,0,769669.617188,769669.617188,769669.617188,0,0,0,1760217066.38,1760217066.38,1760217066.38,0,0,0,0,0,0,1762177386.1,135552106.623,0,0,0,0,46373277.625,0,0,0,0,218882.845703,971767.261719,769669.617188,1760217066.38,0,0,0,0,0
202,883.36,18.066666666666666,0,0,0,0,0,0,0,0,0,42920887.875,42920887.875,42920887.875,0,0,0,1761157273,103597486.647,0,0,0,0,0,0,0,0,0,0,0,0,0,0,0,0,3567718.30859,3567718.30859,3567718.30859,0,0,0,1714668666.81,1714668666.81,1714668666.81,0,0,0,0,0,0,1718236385.12,132172029.625,0,0,0,0,42920887.875,0,0,0,0,0,0,3567718.30859,1714668666.81,0,0,0,0,0
322,884.403,19.95,0,0,0,0,0,0,0,0,0,1396644.49609,1396644.49609,1396644.49609,0,0,0,225683455.129,13275497.3605,0,146308064.312,146308064.312,146308064.312,0,0,0,0,0,0,0,0,0,0,0,0,77820829.125,77820829.125,77820829.125,0,0,0,157917.195312,157917.195312,157917.195312,0,0,0,0,0,0,224286810.633,17252831.5871,0,0,0,0,1396644.49609,0,0,0,0,0,146308064.312,77820829.125,157917.195312,0,0,0,0,0
96,885.328,24.983333333333334,681241.650391,681241.650391,681241.650391,0,0,0,0,0,0,29288247.375,29288247.375,29288247.375,167661765.125,167661765.125,167661765.125,376552612.182,22150153.6577,681241.650391,2228604.66797,2228604.66797,2228604.66797,10328618.4297,10328618.4297,10328618.4297,0,0,0,1498173.625,1498173.625,1498173.625,0,0,0,2029923.78125,2029923.78125,2029923.78125,0,0,0,801228.214844,801228.214844,801228.214844,162034809.312,162034809.312,162034809.312,0,0,0,347264364.807,26712643.4467,801228.214844,0,0,0,29288247.375,162034809.312,167661765.125,10328618.4297,681241.650391,1498173.625,2228604.66797,2029923.78125,801228.214844,0,0,0,0,0
756,890.336,23.883333333333333,290135.03125,290135.03125,290135.03125,0,0,0,0,0,0,3162983.64453,3162983.64453,3162983.64453,0,0,0,239636652.932,14096273.7019,0,162459277.25,162459277.25,162459277.25,1342284.49414,1342284.49414,1342284.49414,0,0,0,33896555.793,33896555.793,33896555.793,0,0,0,36665547.2734,36665547.2734,36665547.2734,0,0,0,1819869.44531,1819869.44531,1819869.44531,0,0,0,0,0,0,236473669.287,18190282.2529,0,0,0,0,3162983.64453,0,0,1342284.49414,290135.03125,33896555.793,162459277.25,36665547.2734,1819869.44531,0,0,0,0,0
920,890.376,14.283333333333333,0,0,0,0,0,0,0,0,0,0,0,0,0,0,0,87079541.6816,5122325.98127,0,269472.908203,269472.908203,269472.908203,0,0,0,0,0,0,0,0,0,0,0,0,86578275.25,86578275.25,86578275.25,0,0,0,231793.523438,231793.523438,231793.523438,0,0,0,0,0,0,87079541.6816,6698426.2832,0,0,0,0,0,0,0,0,0,0,269472.908203,86578275.25,231793.523438,0,0,0,0,0
933,891.33,15.683333333333334,0,0,0,0,0,0,0,0,0,12116549.9941,12116549.9941,12116549.9941,0,0,0,269673120.246,15863124.7204,0,0,0,0,0,0,0,0,0,0,0,0,0,29445.390625,29445.390625,29445.390625,532073.447266,532073.447266,532073.447266,0,0,0,256963419.75,256963419.75,256963419.75,0,0,0,31631.6640625,10543.8880208,0,257524938.588,19809610.6606,0,31631.6640625,0,0,12116549.9941,0,0,0,0,0,0,532073.447266,256963419.75,29445.390625,0,0,0,0
678,892.407,26.833333333333332,6888435.77344,6888435.77344,6888435.77344,28257.0820312,28257.0820312,28257.0820312,0,0,0,9624545.58203,9624545.58203,9624545.58203,0,0,0,198814340.404,11694961.2003,0,3796935.13281,3796935.13281,3796935.13281,0,0,0,0,0,0,176851226.625,176851226.625,176851226.625,0,0,0,1483189.00977,1483189.00977,1483189.00977,0,0,0,141751.199219,141751.199219,141751.199219,0,0,0,0,0,0,189189794.822,14553061.1402,0,0,0,0,9624545.58203,0,0,0,6888435.77344,176851226.625,3796935.13281,1483189.00977,141751.199219,0,0,0,0,28257.0820312
667,893.416,26.816666666666666,3201062.32031,3201062.32031,3201062.32031,0,0,0,0,0,0,4825452.66797,4825452.66797,4825452.66797,0,0,0,101114178.773,5947892.86903,0,1710198.37891,1710198.37891,1710198.37891,0,0,0,0,0,0,90578789,90578789,90578789,0,0,0,766878.917969,766878.917969,766878.917969,0,0,0,31797.4882812,31797.4882812,31797.4882812,0,0,0,0,0,0,96288726.1055,7406825.08504,0,0,0,0,4825452.66797,0,0,0,3201062.32031,90578789,1710198.37891,766878.917969,31797.4882812,0,0,0,0,0
689,894.426,27.183333333333334,3838431.07812,3838431.07812,3838431.07812,0,0,0,0,0,0,3563192.76172,3563192.76172,3563192.76172,0,0,0,58706644.3262,3453332.01919,0,1055157.16406,1055157.16406,1055157.16406,907450.28125,907450.28125,907450.28125,0,0,0,48982216.75,48982216.75,48982216.75,0,0,0,360196.291016,360196.291016,360196.291016,0,0,0,0,0,0,0,0,0,0,0,0,55143451.5645,4241803.9665,0,0,0,0,3563192.76172,0,0,907450.28125,3838431.07812,48982216.75,1055157.16406,360196.291016,0,0,0,0,0,0
457,895.374,23.733333333333334,30713.484375,30713.484375,30713.484375,0,0,0,0,0,0,2238348.34375,2238348.34375,2238348.34375,49793621.375,49793621.375,49793621.375,63274169.1406,3722009.94945,0,0,0,0,11183782.3906,11183782.3906,11183782.3906,0,0,0,0,0,0,0,0,0,0,0,0,0,0,0,0,0,0,27703.546875,27703.546875,27703.546875,0,0,0,61035820.7969,4695063.13822,0,0,0,0,2238348.34375,27703.546875,49793621.375,11183782.3906,30713.484375,0,0,0,0,0,0,0,0,0
1141,895.407,29.466666666666665,83620.6796875,83620.6796875,83620.6796875,157919062,157919062,157919062,0,0,0,27447941.3125,27447941.3125,27447941.3125,1558382.61523,1558382.61523,1558382.61523,278149487.738,16361734.5728,323687.080078,1427444.26562,1427444.26562,1427444.26562,996322.828125,996322.828125,996322.828125,0,0,0,666442.138672,666442.138672,666442.138672,0,0,0,1663659.38086,1663659.38086,1663659.38086,0,0,0,323687.080078,323687.080078,323687.080078,86062925.4375,86062925.4375,86062925.4375,0,0,0,250701546.426,19284734.3404,666442.138672,0,0,0,27447941.3125,86062925.4375,1558382.61523,996322.828125,83620.6796875,666442.138672,1427444.26562,1663659.38086,323687.080078,0,0,0,0,157919062
1012,897.375,22.216666666666665,0,0,0,0,0,0,0,0,0,1044449.98828,1044449.98828,1044449.98828,0,0,0,48304323.4219,2841430.78952,0,0,0,0,0,0,0,0,0,0,0,0,0,0,0,0,1514510.12109,1514510.12109,1514510.12109,0,0,0,45745363.3125,45745363.3125,45745363.3125,0,0,0,0,0,0,47259873.4336,3635374.87951,0,0,0,0,1044449.98828,0,0,0,0,0,0,1514510.12109,45745363.3125,0,0,0,0,0
944,903.335,17.066666666666666,0,0,0,0,0,0,0,0,0,30550615.707,30550615.707,30550615.707,0,0,0,1043753858.36,61397285.7856,0,0,0,0,0,0,0,0,0,0,0,0,0,0,0,0,0,0,0,0,0,0,1013178520.88,1013178520.88,1013178520.88,24721.7734375,24721.7734375,24721.7734375,0,0,0,1013203242.65,77938710.973,0,0,0,0,30550615.707,24721.7734375,0,0,0,0,0,0,1013178520.88,0,0,0,0,0
951,905.349,18.083333333333332,0,0,0,0,0,0,0,0,0,10349738.207,10349738.207,10349738.207,0,0,0,172359845.162,10138814.4213,0,0,0,0,0,0,0,0,0,0,0,0,0,0,0,0,102358.861328,102358.861328,102358.861328,0,0,0,161879179,161879179,161879179,28569.09375,28569.09375,28569.09375,0,0,0,162010106.955,12462315.9196,0,0,0,0,10349738.207,28569.09375,0,0,0,0,0,102358.861328,161879179,0,0,0,0,0
319,906.39,20,0,0,0,0,0,0,0,0,0,1727922.2793,1727922.2793,1727922.2793,0,0,0,240326894.021,14136876.1189,0,152108879.625,152108879.625,152108879.625,0,0,0,0,0,0,76632.8203125,76632.8203125,76632.8203125,0,0,0,85458140,85458140,85458140,0,0,0,955319.296875,955319.296875,955319.296875,0,0,0,0,0,0,238598971.742,18353767.0571,0,0,0,0,1727922.2793,0,0,0,0,76632.8203125,152108879.625,85458140,955319.296875,0,0,0,0,0
669,914.392,26.833333333333332,10365431.1445,10365431.1445,10365431.1445,0,0,0,0,0,0,9702100.02734,9702100.02734,9702100.02734,0,0,0,173904144.865,10229655.5803,0,5787584.03125,5787584.03125,5787584.03125,0,0,0,0,0,0,144878138.125,144878138.125,144878138.125,0,0,0,2599564.73633,2599564.73633,2599564.73633,0,0,0,547201.103516,547201.103516,547201.103516,0,0,0,24125.6972656,8041.89908854,0,164177919.141,12629070.7031,0,0,24125.6972656,0,9702100.02734,0,0,0,10365431.1445,144878138.125,5787584.03125,2599564.73633,547201.103516,0,0,0,0,0
661,916.412,27.183333333333334,4787811.6875,4787811.6875,4787811.6875,0,0,0,0,0,0,2784933.70703,2784933.70703,2784933.70703,0,0,0,47550207.3984,2797071.02344,0,1337138.00391,1337138.00391,1337138.00391,685796.914062,685796.914062,685796.914062,0,0,0,37681163,37681163,37681163,0,0,0,273364.085938,273364.085938,273364.085938,0,0,0,0,0,0,0,0,0,0,0,0,44765273.6914,3443482.59165,0,0,0,0,2784933.70703,0,0,685796.914062,4787811.6875,37681163,1337138.00391,273364.085938,0,0,0,0,0,0
832,927.391,20.216666666666665,24264.4609375,24264.4609375,24264.4609375,0,0,0,0,0,0,0,0,0,0,0,0,44199404.6738,2599964.98081,0,324362.910156,324362.910156,324362.910156,0,0,0,0,0,0,0,0,0,0,0,0,43823537.875,43823537.875,43823537.875,0,0,0,27239.4277344,27239.4277344,27239.4277344,0,0,0,0,0,0,44199404.6738,3399954.20568,0,0,0,0,0,0,0,0,24264.4609375,0,324362.910156,43823537.875,27239.4277344,0,0,0,0,0
1062,983.559,28.133333333333333,0,0,0,146742.820312,146742.820312,146742.820312,188105.759766,188105.759766,188105.759766,20688288.5469,20688288.5469,20688288.5469,76445.8671875,76445.8671875,76445.8671875,2016967274.85,118645133.815,84880.9277344,40811.484375,40811.484375,40811.484375,62185.8339844,62185.8339844,62185.8339844,10330596.498,10330596.498,10330596.498,0,0,0,218517.541016,218517.541016,218517.541016,84880.9277344,84880.9277344,84880.9277344,1984788505.5,1984788505.5,1984788505.5,0,0,0,144823.765625,144823.765625,144823.765625,197370.304688,65790.1015625,67278.4453125,1996081616,153544739.692,84880.9277344,34538.6875,95553.171875,67278.4453125,20688288.5469,144823.765625,76445.8671875,62185.8339844,0,0,40811.484375,84880.9277344,0,218517.541016,1984788505.5,10330596.498,188105.759766,146742.820312
1038,987.593,29.616666666666667,0,0,0,0,0,0,0,0,0,502689.820312,502689.820312,502689.820312,0,0,0,380594288.361,22387899.3154,0,0,0,0,0,0,0,311336.541016,311336.541016,311336.541016,0,0,0,0,0,0,0,0,0,379780262,379780262,379780262,0,0,0,0,0,0,0,0,0,380091598.541,29237815.2724,0,0,0,0,502689.820312,0,0,0,0,0,0,0,0,0,379780262,311336.541016,0,0
